Name,Category,Videos,Idx in dataset,Final Category,Sriram's Annotation,Chris' Annotations
B00TS18AEA,battery_charger,https://drive.google.com/file/d/1Qtux-YQXZuLaLIE7XHAzNMlLFtDHT5WG/view?usp=drivesdk,10,,battery_charger,
B078GTTCCF,book,https://drive.google.com/file/d/1gzwQur681qKEsTi4BK6hZLH0VAzkA9jO/view?usp=drivesdk,196,,book,
B075HWDSDK,bowl,https://drive.google.com/file/d/17wtTV4qWtXVV_TrUyZ8t2EbC-QibMYWr/view?usp=drivesdk,125,,bowl,
B075HWTX4Z,bowl,https://drive.google.com/file/d/18j5oUN_wlKFVZQtOo-S4R7KX1gMVfdep/view?usp=drivesdk,132,,bowl,
B075HR7LD2,candle_holder,https://drive.google.com/file/d/1ekf055eZcg_zalbq7GjWxg6ME5BUfek9/view?usp=drivesdk,121,,candle_holder,
B075HX7JB2,candle_holder,https://drive.google.com/file/d/1VYdFZFDxX0kSn4b9cncx-zyhEZOMXx04/view?usp=drivesdk,135,,candle_holder,
B075HXHKTZ,candle_holder,https://drive.google.com/file/d/1FylrJHPilafM70zVPvWG5WMAwaihQllX/view?usp=drivesdk,136,,candle_holder,
B07M6PJ66Q,canister,https://drive.google.com/file/d/1-dKEl8ibArGlN0U5nHycEfG8L8k6Ykxf/view?usp=drivesdk,456,,canister,
B07M6PK8QN,canister,https://drive.google.com/file/d/1XD5HfcRAn7k5A5lehSWgpbYV9GUohPAd/view?usp=drivesdk,459,,canister,
B07MBFDKYY,canister,https://drive.google.com/file/d/1lb09KP3xyqIUpNmCb5QDLjfnOnFEesXo/view?usp=drivesdk,475,,canister,
B07MF1SFKD,canister,https://drive.google.com/file/d/1onO2K5sMUHE7itGr2k4n6dt6KOb9BlOr/view?usp=drivesdk,495,,canister,
B00F5CKWBA,carrying_case,https://drive.google.com/file/d/1sgXigVO9aQVVoKNNMGxN2oVVxqgbqhAm/view?usp=drivesdk,6,,carrying_case,
B0711RQMNF,cube_storage_box,https://drive.google.com/file/d/1N5xpTz8_y_0TT7VCoiYKU-DswUVMHRtF/view?usp=drivesdk,55,,storage_box,
B071225BBS,cube_storage_box,https://drive.google.com/file/d/1pj1vkyr1ZAVF2PFb5LY3GN9_K2VjrZiR/view?usp=drivesdk,56,,storage_box,
B073PB1H88,cube_storage_box,https://drive.google.com/file/d/1dgYDkMr7fVH2HK8kow5Jj70pKamHrlMo/view?usp=drivesdk,77,,storage_box,
B073PB3FXD,cube_storage_box,https://drive.google.com/file/d/1itGpzFGCzF7EX9qm3oqBEBnTt9MzSBWT/view?usp=drivesdk,78,,storage_box,
B073V1SPHP,cube_storage_box,https://drive.google.com/file/d/1ghnlsDdnmLgv1nsDXgjqP8bp253ngkZr/view?usp=drivesdk,79,,storage_box,
B00R3MZITG,dumbbell,https://drive.google.com/file/d/1NCL-swnlVJOAJN5cs7dgl_47gUaNASfV/view?usp=drivesdk,9,,dumbbell,
B01LR5R18K,dumbbell,https://drive.google.com/file/d/1oFCV8vmvRo2N6_3MXAbUPTWGqB3_vHKK/view?usp=drivesdk,38,,dumbbell,
B01LR5RBZ8,dumbbell,https://drive.google.com/file/d/1T7gpJZHme4eZNLZv55KKmHACMIcJSFbh/view?usp=drivesdk,39,,dumbbell,
B01LR5RG08,dumbbell,https://drive.google.com/file/d/1nKcip5YNfbO8tWcSCxwVpWUdVSE_hBWV/view?usp=drivesdk,40,,dumbbell,
B01LR5RK0Y,dumbbell,https://drive.google.com/file/d/15I4y8qZtA-7cfYDCHPR5JnGupPSZQVw9/view?usp=drivesdk,41,,dumbbell,
B01LR5RO5U,dumbbell,https://drive.google.com/file/d/1eNxppUzWzwDEoCSEH0LLINTtKJAzu-Jk/view?usp=drivesdk,42,,dumbbell,
B01LR5RSG0,dumbbell,https://drive.google.com/file/d/1CEOkerCuLtMC5Wo0zatksMOm0qyNmunk/view?usp=drivesdk,43,,dumbbell,
B01LR5RVYE,dumbbell,https://drive.google.com/file/d/1TFv-PpXeSX1xfK3tkEkyZUhupV0TVjRr/view?usp=drivesdk,44,,dumbbell,
B01LR5S1WA,dumbbell,https://drive.google.com/file/d/1AWjoOduyP_P9HWyc52CJTiOVndfDKv0R/view?usp=drivesdk,45,,dumbbell,
B01LR5S6HK,dumbbell,https://drive.google.com/file/d/1JHm38KtMTDGV1RHQ_YjOvZhfnA8Le1FB/view?usp=drivesdk,46,,dumbbell,
B01LR5SAIA,dumbbell,https://drive.google.com/file/d/1fMgXpqmO4sB6_4KhMeswChL909C2nR6F/view?usp=drivesdk,47,,dumbbell,
B01LR5SEKE,dumbbell,https://drive.google.com/file/d/1DhQdDWMFLp9vXY-pI7VO7KSoJoR7InsT/view?usp=drivesdk,48,,dumbbell,
B01LR5SIRI,dumbbell,https://drive.google.com/file/d/1UX0d30jTwjUOiVS11_i2jqPGy3I4nk8y/view?usp=drivesdk,49,,dumbbell,
B071WSFSGC,dumbbell,https://drive.google.com/file/d/1ksUh-jlKGiPDEsWcLWjHqLglGHqgb3Jy/view?usp=drivesdk,57,,dumbbell,
B074DYLY5V,dumbbell,https://drive.google.com/file/d/1MbJUAw0-wR_CcNs3ZHlEE_wvtA58Nl-p/view?usp=drivesdk,82,,dumbbell,
B074DZ5YL9,dumbbell,https://drive.google.com/file/d/1HC6zMsviyviMW6543-GVRMBWvZp7MCrd/view?usp=drivesdk,83,,dumbbell,
B074DZ65J3,dumbbell,https://drive.google.com/file/d/1Tu6Frt4JrOE1g0DMYpWWqi0FpLzymujg/view?usp=drivesdk,84,,dumbbell,
B074DZ6NGS,dumbbell,https://drive.google.com/file/d/1QoJHAQYvXGig2KdoPmJ8rixe8llU23WJ/view?usp=drivesdk,85,,dumbbell,
B074DZ6NJB,dumbbell,https://drive.google.com/file/d/1BAgPUcpuEFvludzb84--JYAJtFbP9TVI/view?usp=drivesdk,86,,dumbbell,
B074DZFKH6,dumbbell,https://drive.google.com/file/d/1g_63adiisl4a1DPrBsnFwB5-qWRBxLn9/view?usp=drivesdk,87,,dumbbell,
B074DZGRMG,dumbbell,https://drive.google.com/file/d/1-uaEyX1hI8unLD6YX9lTycbrS75JWN4j/view?usp=drivesdk,88,,dumbbell,
B074DZHYS6,dumbbell,https://drive.google.com/file/d/1uElc2OmJOx91Wz8NZbv6wCVzF8Q0e-6g/view?usp=drivesdk,89,,dumbbell,
B074DZNJ3T,dumbbell,https://drive.google.com/file/d/189zuUevL-_yOKxgk8Y1bcBD-hOIeeyjY/view?usp=drivesdk,90,,dumbbell,
B01B254OVC,folder,https://drive.google.com/file/d/1T3qtCkk_flWDoEe4d6rF2M4njGkMOC1r/view?usp=drivesdk,21,,folder,
B00DUGZFA6,handbag,https://drive.google.com/file/d/1dZA4-UdfPLo25jkHT-i-VIgvKC5MAY0T/view?usp=drivesdk,4,,handbag,
B00DUGZFLK,handbag,https://drive.google.com/file/d/1d1MUaSpKiT8Yj6GPoOisnhAXBV2awmDH/view?usp=drivesdk,5,,handbag,
B07MF1NJ7Q,jar,https://drive.google.com/file/d/1WiHGi6Qwp06OuLmK6ahekeHWKB-hOI4_/view?usp=drivesdk,485,,jar,
B075HWBL9Q,jewelry_box,https://drive.google.com/file/d/1wleXU8pOGfh0saRNeNlsECYsLSYGd0Ia/view?usp=drivesdk,123,,jewelry_box,
B075HWDS7Y,jewelry_box,https://drive.google.com/file/d/1OABSgZ7xnrSvGO4_xbBsgcIjlQpEj5e6/view?usp=drivesdk,124,,jewelry_box,
B075HXHKVF,jewelry_box,https://drive.google.com/file/d/1TjfTMs8kH2KdbTQhQ-kUOtTQpaCctq1L/view?usp=drivesdk,137,,jewelry_box,
B075HXQJT1,jewelry_box,https://drive.google.com/file/d/1eBbM3zXdrbWk6ysMyvhmRlBlyxJ1ZUm-/view?usp=drivesdk,143,,jewelry_box,
B075X2LLWF,lamp,https://drive.google.com/file/d/1aEiDOrXwercVrPnmFL6fzLvXbeX3gYwY/view?usp=drivesdk,164,,lamp,
B07HK3PNSK,lamp,https://drive.google.com/file/d/1ectdEwlprontFaG0nJlFRKcZ1xjl2syF/view?usp=drivesdk,317,,lamp,
B07HK83QRB,lamp,https://drive.google.com/file/d/1mH8haqrbqd5aVJA3HjHrHO-t-Kj82CaA/view?usp=drivesdk,321,,lamp,
B00JM5TTWO,laptop_cover,https://drive.google.com/file/d/1QYbWauK67Q1n7dd_y6ghSw63gOeVO4k5/view?usp=drivesdk,7,,laptop_cover,
B013TGFGWS,laptop_cover,https://drive.google.com/file/d/1K_nhp5gChWtE6AFySJ2zYGAsvnrK8CN4/view?usp=drivesdk,15,,laptop_cover,
B00WRDRRWW,laptop_stand,https://drive.google.com/file/d/1nz8AjRY1yV6d5M1u84xoNBWFAeKZ1LOJ/view?usp=drivesdk,11,,laptop_stand,
B00WRDS0AU,laptop_stand,https://drive.google.com/file/d/1osSwBb5YY4qMmat5C2S6EATdZXQ45fbV/view?usp=drivesdk,12,,laptop_stand,
B00WRDS8H0,laptop_stand,https://drive.google.com/file/d/1SzBrcK42d8CWSQF8TtLPygBUwJApD4vl/view?usp=drivesdk,13,,laptop_stand,
B01MZ81SKB,laptop_stand,https://drive.google.com/file/d/1N83tqybHoNFsFq4c1tFNg7EnpjwRztx1/view?usp=drivesdk,51,,laptop_stand,
B07F3W4QWM,laundry_box,https://drive.google.com/file/d/1ZNXrx_zSav_vQBesUJnLHqNwQLInVpN6/view?usp=drivesdk,308,,box,
B017DORX3M,monitor_stand,https://drive.google.com/file/d/1JkxtqECj8kZ1Ze5G0mZ37E5KiBHl0SvQ/view?usp=drivesdk,18,,monitor_stand,
B017DOS5C0,monitor_stand,https://drive.google.com/file/d/1_h5LgctakgwFJFGMcwFbof3MIN2Dak0q/view?usp=drivesdk,19,,monitor_stand,
B003QTD4Y6,mouse_pad,https://drive.google.com/file/d/1ZIdylaHED5Z76-pY5luZkwqWuN4V21XH/view?usp=drivesdk,1,,mouse_pad,
B06X3W3YQD,mouse_pad,https://drive.google.com/file/d/1IiZCVoJfu0ds-HFJ24x9CZqKLhZMflMT/view?usp=drivesdk,53,,mouse_pad,
B06X6H2WF7,mouse_pad,https://drive.google.com/file/d/1Vshd2esv5KW6i55w6dZS3AJLAaPTPjmn/view?usp=drivesdk,54,,mouse_pad,
B076YFLYFR,multiport_hub,https://drive.google.com/file/d/133zu14ZTBFKP5BR05la7E9o77AnHG-Lg/view?usp=drivesdk,180,,multiport_hub,
B076YFNTRS,multiport_hub,https://drive.google.com/file/d/1tQ_kHVW9XMf51P_spt3-7bMbJPTig5ku/view?usp=drivesdk,181,,multiport_hub,
B076YFNTSN,multiport_hub,https://drive.google.com/file/d/1DoLGRq8nrp1HY-KWHMUKXnYkEO1zzNgG/view?usp=drivesdk,182,,multiport_hub,
B076YJ1XZS,multiport_hub,https://drive.google.com/file/d/15fEX5BcJL2AWaBSc6Wi35x006NFjat6w/view?usp=drivesdk,183,,multiport_hub,
B076YJFGCN,multiport_hub,https://drive.google.com/file/d/1eLsi5i71eKMy7fbfRIt6Ou3YKtTDkROr/view?usp=drivesdk,184,,multiport_hub,
B076YJFGCW,multiport_hub,https://drive.google.com/file/d/1o_eFJpr_IPxqEmR_ZX5D-wMGP6_O1ugT/view?usp=drivesdk,185,,multiport_hub,
B076YKYHCB,multiport_hub,https://drive.google.com/file/d/1Y0mIJk7dw1fgIfJBe3Yio_Q85WOFw0cu/view?usp=drivesdk,186,,multiport_hub,
B076YL2CTT,multiport_hub,https://drive.google.com/file/d/1uC53elN0jE0Opsm-klYaqOMSlbWlVCaR/view?usp=drivesdk,187,,multiport_hub,
B076YLWTPR,multiport_hub,https://drive.google.com/file/d/10xXgsagNNiBbVQBKEqHMhQELfEpwsgzn/view?usp=drivesdk,188,,multiport_hub,
B076YNV36K,multiport_hub,https://drive.google.com/file/d/1WZyfNaX124leOH240ENLQUDIzBDY5_B9/view?usp=drivesdk,189,,multiport_hub,
B076YRSP32,multiport_hub,https://drive.google.com/file/d/1uXqTfVKZHBwef8H0qDOCOwZeK-05v2oc/view?usp=drivesdk,190,,multiport_hub,
B076YRSWGH,multiport_hub,https://drive.google.com/file/d/1udgs17Gq132qhgvTd5mL3fzq_MlHYGPB/view?usp=drivesdk,191,,multiport_hub,
B076YRSWGW,multiport_hub,https://drive.google.com/file/d/1Mx0kcjwcLAmwdG39MrKygECfQMdMUHQS/view?usp=drivesdk,192,,multiport_hub,
B076YRSWH2,multiport_hub,https://drive.google.com/file/d/13gdEu1zNE3gnQlSYLIo71lzWQwrEjiXJ/view?usp=drivesdk,193,,multiport_hub,
B076YRSWH3,multiport_hub,https://drive.google.com/file/d/1XyLgMZysNYGFnKWgyiXc8qBEHN96hVbv/view?usp=drivesdk,194,,multiport_hub,
B076YS4SJT,multiport_hub,https://drive.google.com/file/d/1LfJCC5va6iZ88m2Sk-ZhhAHX05zbmb-k/view?usp=drivesdk,195,,multiport_hub,
B01DN8TB5U,notepad,https://drive.google.com/file/d/1SJdU84M9nmzWnFnLa_zQhQ7KrOMpnIir/view?usp=drivesdk,22,,book,
B01IJ5A0PC,phone_stand,https://drive.google.com/file/d/1mnr_LNy2bZPPVd7BHjxmX9ZQxNIQgTkc/view?usp=drivesdk,32,,phone_stand,
B01IJ5A2UA,phone_stand,https://drive.google.com/file/d/136lRC_WGA-O_m0mX7NFw_CdhDXdhprDo/view?usp=drivesdk,33,,phone_stand,
B07JKJKDKD,pillow,https://drive.google.com/file/d/10vdp_o9ExD5fwMH5G2wcP5y-AXOguhUp/view?usp=drivesdk,335,,pillow,
B07JKJKDKM,pillow,https://drive.google.com/file/d/1CTyTgCWkoOMfoN-8OJo2tbp4ltfL5MhK/view?usp=drivesdk,336,,pillow,
B07JKJKDLD,pillow,https://drive.google.com/file/d/1nCptN9qiksfaCm_PpoIa9kf3m76tpYhc/view?usp=drivesdk,337,,pillow,
B07JKJKH43,pillow,https://drive.google.com/file/d/1lC58kHeB3YKkNdq2jxd871n9-1QKJoXt/view?usp=drivesdk,338,,pillow,
B07JKJKH4H,pillow,https://drive.google.com/file/d/18G4mQ32f6hfUjlP0yidNKfM63SAm716r/view?usp=drivesdk,339,,pillow,
B07JKJKJCC,pillow,https://drive.google.com/file/d/1EJiPxwYow4guRqvXR_hD7m5y8SChVgRI/view?usp=drivesdk,340,,pillow,
B07JKJP5N2,pillow,https://drive.google.com/file/d/1vz93FBc2n3mB83cIowipe96nSg-DqxAO/view?usp=drivesdk,341,,pillow,
B07JKJP5N5,pillow,https://drive.google.com/file/d/1HVMchxTPL1y2Znb7-mfWRyAyfkQab22-/view?usp=drivesdk,342,,pillow,
B07JKJP5N6,pillow,https://drive.google.com/file/d/14djkma6pK3pU9TVMAeH8MIfqIfE1Sy5a/view?usp=drivesdk,343,,pillow,
B07JKJP7Q9,pillow,https://drive.google.com/file/d/1nSqkBk4dZc5N196rv3vnkZeTGSldPjfv/view?usp=drivesdk,344,,pillow,
B07JKJP7QG,pillow,https://drive.google.com/file/d/1bV2TWVm8GIs2tcXB1PY36ccUmxTOsuD2/view?usp=drivesdk,345,,pillow,
B07JKJP8MD,pillow,https://drive.google.com/file/d/1ZnacYZWWDdOe8z2lvxUaQgpvCYMNMR6M/view?usp=drivesdk,346,,pillow,
B07JKJP8V6,pillow,https://drive.google.com/file/d/1X_CyAaIl1BrYS-mvu9JimS8x2WUAXKHX/view?usp=drivesdk,347,,pillow,
B07JKJSHMT,pillow,https://drive.google.com/file/d/1yWX1j8nX9yT7wrkQAf2_SgybTyxaZf9R/view?usp=drivesdk,348,,pillow,
B07JKJSJ8G,pillow,https://drive.google.com/file/d/1RPa3n8ZxjOdzYCrzXpSJoLPScDILnGj7/view?usp=drivesdk,349,,pillow,
B07JKJSJ9F,pillow,https://drive.google.com/file/d/1Wc-a39I3Nc8ZEQ4fxyvp1LNdjjRms7xa/view?usp=drivesdk,350,,pillow,
B07JKJSKMF,pillow,https://drive.google.com/file/d/14xV0iJ5rYEl-AUZiPyxNOvx_kfqcG_fd/view?usp=drivesdk,351,,pillow,
B07JKJSLWM,pillow,https://drive.google.com/file/d/1XNY4d_De9ljdSXFZARJHZCkGgJBY-9OK/view?usp=drivesdk,352,,pillow,
B07JKJSLXQ,pillow,https://drive.google.com/file/d/13XNa1m2E8a2BLMqbCcRmcv2AayLWuufn/view?usp=drivesdk,353,,pillow,
B07JKJSLXR,pillow,https://drive.google.com/file/d/1juU9S9tKyFmdgxDr_2fOmJCPAml_tEW2/view?usp=drivesdk,354,,pillow,
B07JKJSM2S,pillow,https://drive.google.com/file/d/1vC0p17ha2oCkkTm0L42-MmmWsVITAATI/view?usp=drivesdk,355,,pillow,
B07JKJSQ4B,pillow,https://drive.google.com/file/d/1lcOnFbN2S_7hxRLy4cuMcaPf_NQ_5KvH/view?usp=drivesdk,356,,pillow,
B07JKJSRQG,pillow,https://drive.google.com/file/d/1FZvfY5bqY1KXQpfXkppzbu02EyNPCfxD/view?usp=drivesdk,357,,pillow,
B07JKJSTL1,pillow,https://drive.google.com/file/d/1yWe1he9nD3whi89stnJ_kqfK3wIVZLoc/view?usp=drivesdk,358,,pillow,
B07JKJSTL4,pillow,https://drive.google.com/file/d/1q3vfFij-HsPkhHv82zFUGVldu8LKSyIS/view?usp=drivesdk,359,,pillow,
B07JKJSTVJ,pillow,https://drive.google.com/file/d/1E-ZBLEQhZgP9ho5TnGOLIkx8z8BaoxPy/view?usp=drivesdk,360,,pillow,
B07JKJSTWH,pillow,https://drive.google.com/file/d/1cr_Wmm9L_1s-qebiL9w7N5atzdppy7lI/view?usp=drivesdk,361,,pillow,
B07JKJSTYT,pillow,https://drive.google.com/file/d/1U6bHbB8nT3QzQiTBk2rMCYA4I-nRm1wY/view?usp=drivesdk,362,,pillow,
B07JL5PLPD,pillow,https://drive.google.com/file/d/1_S0VMdU1qWzChaOrZP56Kjwvr-qMlIXd/view?usp=drivesdk,363,,pillow,
B07JL5PLPK,pillow,https://drive.google.com/file/d/1vKTi74gtkJYgy-gor_P1GP0DWDThgcJ5/view?usp=drivesdk,364,,pillow,
B07JL5PNGZ,pillow,https://drive.google.com/file/d/1T6qME2wvOM6_OpRABk8dQxUJjc_Rulsn/view?usp=drivesdk,365,,pillow,
B07JL5PNHK,pillow,https://drive.google.com/file/d/1spuKS7VSOysQr-x6yWUIHFPM1lp2n_2o/view?usp=drivesdk,366,,pillow,
B07JL5PNHT,pillow,https://drive.google.com/file/d/1l_DnyGEyKhVklPUU_k-aWJH_1YMYEOO2/view?usp=drivesdk,367,,pillow,
B07JL5PPBP,pillow,https://drive.google.com/file/d/10yBUvAKVWbgtxY92PtkmsfWHHJiApPqt/view?usp=drivesdk,368,,pillow,
B07JL5PRQM,pillow,https://drive.google.com/file/d/1Vst-hNVCUVEteUEXZE0perdmXlK7XPLl/view?usp=drivesdk,369,,pillow,
B07JL5PRR1,pillow,https://drive.google.com/file/d/1pd1QXXdhb7WCKQOI5TcQrhXLVAY1FwMN/view?usp=drivesdk,370,,pillow,
B07JL5PRR9,pillow,https://drive.google.com/file/d/17QOwUGXlch53xa3sv7j0jiS4erdgIVGv/view?usp=drivesdk,371,,pillow,
B07JL5PT18,pillow,https://drive.google.com/file/d/1mWAibZtg48Db-sfcpiYjERFmDK17d00r/view?usp=drivesdk,372,,pillow,
B07JL5PT1J,pillow,https://drive.google.com/file/d/1vKUCWnGDua3rlhE3lYZl6FAK22xGkbrm/view?usp=drivesdk,373,,pillow,
B07JL5PT64,pillow,https://drive.google.com/file/d/1uAjhgcSY94Ht9kKPbmVlVyURvGMjfMc2/view?usp=drivesdk,374,,pillow,
B07JL5PYZH,pillow,https://drive.google.com/file/d/1HQd-rNagJ5-Ys-_DmixuyhlbqFUND1EO/view?usp=drivesdk,375,,pillow,
B07JL5PZ1S,pillow,https://drive.google.com/file/d/1k2L_8jmKDgef8WvP514PXNyajCMzFstu/view?usp=drivesdk,376,,pillow,
B07JL5Q123,pillow,https://drive.google.com/file/d/1cNGuYRL1aQpnAn5WnbPDDyJh1UMlkDvT/view?usp=drivesdk,377,,pillow,
B07JL5Q12D,pillow,https://drive.google.com/file/d/1_QnvVdxZkcCUdZv58ug2P_N1-uwZJ_-f/view?usp=drivesdk,378,,pillow,
B07JL5Q1Z6,pillow,https://drive.google.com/file/d/1DjCOkrjEZUmguJJNhRFAiXmjdXeGLv4h/view?usp=drivesdk,379,,pillow,
B07JL5Q2XQ,pillow,https://drive.google.com/file/d/1jBuRKxicUjUkGklQzflc7HCpreuC-p4H/view?usp=drivesdk,380,,pillow,
B07JL5Q3RL,pillow,https://drive.google.com/file/d/1GsdRSfyUmRrjd0N9E0N5pguYix1DbAXf/view?usp=drivesdk,381,,pillow,
B07JL5Q77N,pillow,https://drive.google.com/file/d/1tjpou-apDXstBhSlhHaQCHyGGQMyUKWr/view?usp=drivesdk,382,,pillow,
B07JL5Q7FC,pillow,https://drive.google.com/file/d/1gCndOYEIxVuUL_V5vdxGArOxZzkDMMf8/view?usp=drivesdk,383,,pillow,
B07JLGBY2C,pillow,https://drive.google.com/file/d/1jXobHheKtRjEgMZbFk7tEjD1MQfd2jS6/view?usp=drivesdk,385,,pillow,
B07JLGBYXF,pillow,https://drive.google.com/file/d/1yH5iA9ElZPEc6hZfOb4U05uGahy-dB4x/view?usp=drivesdk,386,,pillow,
B07JLGC56Z,pillow,https://drive.google.com/file/d/1L33MwDtwdSW5PpNCcpccRaHPMI-DjD8Z/view?usp=drivesdk,387,,pillow,
B07JLGC7XK,pillow,https://drive.google.com/file/d/1iB92xdXcl1zputRcOfLuo3v-Vx4kW9tm/view?usp=drivesdk,388,,pillow,
B07JLGC7XN,pillow,https://drive.google.com/file/d/1Fpcpo9tzXZ4ACGPn2e6Ij4a6Xv27exVg/view?usp=drivesdk,389,,pillow,
B07JLGC7Y8,pillow,https://drive.google.com/file/d/1akJ_QQSJRg4usJxzF6gcKAJuLU3WMKuC/view?usp=drivesdk,390,,pillow,
B07JLGC7YC,pillow,https://drive.google.com/file/d/1zymBD_0aUfottuouvw50jd57lx6Ocryo/view?usp=drivesdk,391,,pillow,
B07JLGCKJJ,pillow,https://drive.google.com/file/d/1Ne4wHvGCqXfPLwvLrPBiYOI5G6fhOe3f/view?usp=drivesdk,392,,pillow,
B07JLGCKKJ,pillow,https://drive.google.com/file/d/1HplHBkgra8fXnJdW7HVYaKxUTaf4LBgn/view?usp=drivesdk,393,,pillow,
B07JLGCKP6,pillow,https://drive.google.com/file/d/1P5UCtjZnl_s78-ypp0ATf9C_mzk2jpOd/view?usp=drivesdk,394,,pillow,
B07JLGCKPV,pillow,https://drive.google.com/file/d/1Z1oWvNZrOQrhyxjfWD1shZrNJVdLebPq/view?usp=drivesdk,395,,pillow,
B07JLGCLV3,pillow,https://drive.google.com/file/d/1nNnXdC8mrnBFZkcS1QboAW5xcjb3qVDs/view?usp=drivesdk,396,,pillow,
B07JLSNT7M,pillow,https://drive.google.com/file/d/1AiClrRyMKvs_izVGcQbpSBGFGp2XhBp_/view?usp=drivesdk,397,,pillow,
B07JLSP8JF,pillow,https://drive.google.com/file/d/1J-dNzr1cLDOs05xvJTUmZgGkw2hLWbYd/view?usp=drivesdk,398,,pillow,
B07JLSP8TR,pillow,https://drive.google.com/file/d/1NPeI2Wz7Bmcloev-d-7IVyOBDz2mwqqR/view?usp=drivesdk,399,,pillow,
B07JLSP8VB,pillow,https://drive.google.com/file/d/1AQlBhdim0iys-C5xXBKoKj00wQY6vsXa/view?usp=drivesdk,400,,pillow,
B07JLSP8VB,pillow,https://drive.google.com/file/d/1AQlBhdim0iys-C5xXBKoKj00wQY6vsXa/view?usp=drivesdk,400,,pillow,
B07JLSSTN1,pillow,https://drive.google.com/file/d/1sJK3dcG0htcSTL22CmPQYzabIpl-BYlh/view?usp=drivesdk,401,,pillow,
B07JLSSW6K,pillow,https://drive.google.com/file/d/17wyDZIXgI7ICrkGbYnPq-JVFwYLjJr8s/view?usp=drivesdk,402,,pillow,
B07JLSSWCP,pillow,https://drive.google.com/file/d/1N_H_RTOxMrAUdZenZdDglMGOZ42a4oaD/view?usp=drivesdk,403,,pillow,
B07JLSSWLL,pillow,https://drive.google.com/file/d/1U2ksCj6COS4bRTexbrmWBrUcOxm4b8gI/view?usp=drivesdk,404,,pillow,
B07JLSSWLN,pillow,https://drive.google.com/file/d/1cl8tkKeLRfocNUvQGQVJqtED3f7hUrDO/view?usp=drivesdk,405,,pillow,
B07JLSSWM6,pillow,https://drive.google.com/file/d/1eGymYu1fXuEHT1V9I5KFEVUHe57lsJTW/view?usp=drivesdk,406,,pillow,
B07JLSSYT5,pillow,https://drive.google.com/file/d/18lZsnMtvcEF0NqpBLsSv4TA5FT3O8uvv/view?usp=drivesdk,407,,pillow,
B07JLSSYTG,pillow,https://drive.google.com/file/d/1oFWoQEi-lRoa8HkVQVnMplh-SJecf0ni/view?usp=drivesdk,408,,pillow,
B07JLST2G7,pillow,https://drive.google.com/file/d/1J3WSSi4usbiv4BBalCj687JacPsCk_Zu/view?usp=drivesdk,409,,pillow,
B07JLST325,pillow,https://drive.google.com/file/d/1NO_Zr_v07xyjfCxZlycLBCSNlyHc02Ln/view?usp=drivesdk,410,,pillow,
B07JLZ7QC7,pillow,https://drive.google.com/file/d/1MTkq_b1LulBFqxOYNQSZ608hzvnM_kHj/view?usp=drivesdk,411,,pillow,
B07JLZ7QDP,pillow,https://drive.google.com/file/d/16LC6XDR0sju5N-v4ThkAKfHk1ocqHxPi/view?usp=drivesdk,412,,pillow,
B07JLZC567,pillow,https://drive.google.com/file/d/1MV3ZtwncgVUd7gf0LkFEwtQFK_cILcmF/view?usp=drivesdk,413,,pillow,
B07JLZC56G,pillow,https://drive.google.com/file/d/1GUasIz9UXkZ3mDVyKXCNIIdB3wEOVHWC/view?usp=drivesdk,414,,pillow,
B07JLZC571,pillow,https://drive.google.com/file/d/1WnKecnrH0_BLDmTdmc8g-caDE3_BM4nF/view?usp=drivesdk,415,,pillow,
B07JLZC7JS,pillow,https://drive.google.com/file/d/1Qg3gsJrzzpArLIVD2VJIzVHTtY0-i7Ba/view?usp=drivesdk,416,,pillow,
B07JLZJ93B,pillow,https://drive.google.com/file/d/1ahezcT3yWYEKQvIbsFmjb-ylJ1PvA-xp/view?usp=drivesdk,417,,pillow,
B07JLZJ93D,pillow,https://drive.google.com/file/d/16EnUsD8eJi-blWYcHbhACMsP_Fpx-mY9/view?usp=drivesdk,418,,pillow,
B07JLZJ94P,pillow,https://drive.google.com/file/d/1yAQMO0YSYVr5OJ5ug1C7_McSZJVaTr2m/view?usp=drivesdk,419,,pillow,
B07JLZJ94R,pillow,https://drive.google.com/file/d/1u7RaHUHCQ6L2lT_xnXKxLbiuy35uw_Y9/view?usp=drivesdk,420,,pillow,
B07JLZJ9JM,pillow,https://drive.google.com/file/d/1cvq1foGRpGlbTFvH3x4FqywcXTdK6qAG/view?usp=drivesdk,421,,pillow,
B07JLZJFVL,pillow,https://drive.google.com/file/d/1C6Jg7dLL2cyHH84tpBWKItDNG4UM1_qL/view?usp=drivesdk,422,,pillow,
B07JLZJFWW,pillow,https://drive.google.com/file/d/1Dx1XelPSdK8pNwh6UvMXpgLGYEVqyW9E/view?usp=drivesdk,423,,pillow,
B07JLZJG2V,pillow,https://drive.google.com/file/d/1afAm06Pl8hHcPSbr-QhC5-ngjZ40E7jr/view?usp=drivesdk,424,,pillow,
B07JM1QSL6,pillow,https://drive.google.com/file/d/1SNvyl2ci1WUMte5cGRNr-ugq7wk7K5mI/view?usp=drivesdk,427,,pillow,
B07JM1QSLX,pillow,https://drive.google.com/file/d/1fa1nTSY_qkpiGtpgCtUuHGPmbto01hsg/view?usp=drivesdk,428,,pillow,
B07JM1QT5Y,pillow,https://drive.google.com/file/d/1zlbcQ9Q0q3rXR1nR2-ViCzTG78eP7feo/view?usp=drivesdk,429,,pillow,
B07JM1QT63,pillow,https://drive.google.com/file/d/16dNMzMrFpd792jO9tVtg-qaMml7VgXT3/view?usp=drivesdk,430,,pillow,
B07JM1XVHS,pillow,https://drive.google.com/file/d/1g_EjfeQi4mNOw6BfyZ1AADGHDDjNO5fg/view?usp=drivesdk,431,,pillow,
B07JM1ZP24,pillow,https://drive.google.com/file/d/1Ju97eyRoGryd_klVTwj-Vyfu2AFdIoY5/view?usp=drivesdk,432,,pillow,
B07JPG7K3N,pillow,https://drive.google.com/file/d/1jQNUYif-QKt5czFmL7dS79tvTvzJ9Tcu/view?usp=drivesdk,434,,pillow,
B07JQ47NHZ,pillow,https://drive.google.com/file/d/1bQ9AL5klPYua2b-0OzSTSG6uNtZ-ieqv/view?usp=drivesdk,435,,pillow,
B07JQX8DV8,pillow,https://drive.google.com/file/d/1CkUW0UH-VMTEjYNHHvt1p8EVrnPtBlTs/view?usp=drivesdk,438,,pillow,
B07JQX8S3L,pillow,https://drive.google.com/file/d/1R0C2l-7wbHx4hQCerc6bblmWcQboU6EL/view?usp=drivesdk,441,,pillow,
B07JQYHQ9D,pillow,https://drive.google.com/file/d/1xQ16x-a15ADf5r6Qt4Ik70kz0Xahd8io/view?usp=drivesdk,443,,pillow,
B07JQZMSF1,pillow,https://drive.google.com/file/d/1JvhBWxB2N19G0UZR1CrtRUcUAT1lsHaI/view?usp=drivesdk,445,,pillow,
B07JXDPKBQ,pillow,https://drive.google.com/file/d/1eQ6uJjtTKUKr6hImgMJ8o83CZLe5Beu8/view?usp=drivesdk,446,,pillow,
B07JXDPKBR,pillow,https://drive.google.com/file/d/1BnSAcX3EeWxA5XWDpjh22xqc6TJVTNPe/view?usp=drivesdk,447,,pillow,
B07JXDPKGC,pillow,https://drive.google.com/file/d/1LsPZxz-fpfwXeHLGdm6dEscohgvCa-Oz/view?usp=drivesdk,448,,pillow,
B07JXF7251,pillow,https://drive.google.com/file/d/1uOZGf4TORuJXGTGBjbiiip9zW6kCcBxl/view?usp=drivesdk,449,,pillow,
B07JY4GZW8,pillow,https://drive.google.com/file/d/1C8Z6yuPZ2rz4aVYm88vGJUTPqARd8hkE/view?usp=drivesdk,451,,pillow,
B07M6PHSCP,pillow,https://drive.google.com/file/d/111uXiuVgalllL911fhkd9lp4YmPKkGPU/view?usp=drivesdk,453,,pillow,
B07M6PJ4LX,pillow,https://drive.google.com/file/d/16jSN20y-MdHlQTHGbCpVeIujbNc1WuUe/view?usp=drivesdk,454,,pillow,
B07M6PJ4MC,pillow,https://drive.google.com/file/d/1FPytXPCDqsB50aUozryB8DPjp4AW2OXR/view?usp=drivesdk,455,,pillow,
B07M6PJ67T,pillow,https://drive.google.com/file/d/1LzY0F8I5p6taFCoTSdh9mDkfE5NkNJte/view?usp=drivesdk,457,,pillow,
B07M6PK8QS,pillow,https://drive.google.com/file/d/1TF9jKRSRYelJkcZOr5OpPlR-L1tv9CWH/view?usp=drivesdk,460,,pillow,
B07M6PKCPF,pillow,https://drive.google.com/file/d/1deZeJczV74aHffLZSkPL1AZDiPN-CitO/view?usp=drivesdk,461,,pillow,
B07MBF93XS,pillow,https://drive.google.com/file/d/19Gkhne-Fhl6PfEMIoDJocLVnObBO1uCx/view?usp=drivesdk,463,,pillow,
B07MBFDQPK,pillow,https://drive.google.com/file/d/1gxUykRa5IK3gX9er3B1nid6kyAiljiHp/view?usp=drivesdk,477,,pillow,
B07MBFDS2R,pillow,https://drive.google.com/file/d/1LpXfZCGgV-p1a04XM2AYm6OJQERAqk3G/view?usp=drivesdk,478,,pillow,
B07MBFDX67,pillow,https://drive.google.com/file/d/12T8e7cbQzLfvQtrBGEhxTtXLH87YIZae/view?usp=drivesdk,479,,pillow,
B07MBFF1K5,pillow,https://drive.google.com/file/d/1aRdzXozh8UVR7IhTAPA0nZ89pIKjDCux/view?usp=drivesdk,480,,pillow,
B07MBFGB46,pillow,https://drive.google.com/file/d/1o2U5IbTEL5F9K7SaVULAwoPgL9F4-ZBY/view?usp=drivesdk,483,,pillow,
B07MBFGB51,pillow,https://drive.google.com/file/d/134fsmngOKs2SAJ9ioX9R9563uiDKk4Ia/view?usp=drivesdk,484,,pillow,
B07MF1RKS9,pillow,https://drive.google.com/file/d/1yn2uplccBXiPxH8F8figGAujnY8QPEMV/view?usp=drivesdk,486,,pillow,
B07MF1RR14,pillow,https://drive.google.com/file/d/1fNNgzpAQ13A5wTNyQaNcJNSRhHoALJJ6/view?usp=drivesdk,491,,pillow,
B07MF1S25C,pillow,https://drive.google.com/file/d/1ydnByfo1Y2HJHEw2ymbr-4HPeK1gniax/view?usp=drivesdk,493,,pillow,
B07MF1SVV1,pillow,https://drive.google.com/file/d/1aRYGJuiXgaSYMtwxYzWWRcp8AR_CPcOz/view?usp=drivesdk,499,,pillow,
B07FFSKHK4,soap_dispenser,https://drive.google.com/file/d/1eOqmCis4itKDT_c5tw0Hjq1JvbuCFDgy/view?usp=drivesdk,310,,soap_dispenser,
B075HR4ZDB,vase,https://drive.google.com/file/d/1rAXLuPrKGr40wEkU0illrR_HqzTeVn2j/view?usp=drivesdk,118,,vase,
B075HR7DM7,vase,https://drive.google.com/file/d/1qBsUr_ruMBGiZqNHQV0803w3Wm2a-BXu/view?usp=drivesdk,119,,vase,
B075HR7KY9,vase,https://drive.google.com/file/d/1XalBabDL2fdA_uim-qRyOhgG8xRza1YY/view?usp=drivesdk,120,,vase,
B075HWMC6S,vase,https://drive.google.com/file/d/1VfCKTsnW59I4y6sxY3qEmKNKFLsWM6-A/view?usp=drivesdk,131,,vase,
B075HWX46K,vase,https://drive.google.com/file/d/1v9FwuWA3ia8Acly4HoU4Ky2VCrwDLbo-/view?usp=drivesdk,133,,vase,
B075HXJPW6,vase,https://drive.google.com/file/d/1e0aziuGuhSGVPmfQq40ke8S0MSENVPQt/view?usp=drivesdk,138,,vase,
B075HXLWT5,vase,https://drive.google.com/file/d/1_6yXxDYFITTkUvrkbnQnkzx1GQUpvXf-/view?usp=drivesdk,140,,vase,
B075HXPFTG,vase,https://drive.google.com/file/d/1wmaoIcLzt3bW1PDmiZKrOMdEOGODlT-H/view?usp=drivesdk,142,,vase,
B078JGHZT3,vase,https://drive.google.com/file/d/1NDG0fjH_hKEL0kDxEWHXg8xnkPtWqjWN/view?usp=drivesdk,198,,vase,
B078JGYJTG,vase,https://drive.google.com/file/d/1aIcL5KVjS62niyMmyQddtSiPfsLfIvOk/view?usp=drivesdk,201,,vase,
B078JJDPR2,vase,https://drive.google.com/file/d/1JPYM_JHfR8hx4vaDXZCubUoz8J9SK7U3/view?usp=drivesdk,202,,vase,
B078JMJC46,vase,https://drive.google.com/file/d/1UxXOcjE9vzkd1yhMRS5SmLQ-arBVKlhc/view?usp=drivesdk,205,,vase,
B078JMJC49,vase,https://drive.google.com/file/d/1nDtevvFl8mieA6X1OLfamX6nrXGV618k/view?usp=drivesdk,206,,vase,
B07B8NVHX1,vase,https://drive.google.com/file/d/13lblWOk0TRwhm8v-t7pMEi-JgPm8QVut/view?usp=drivesdk,255,,vase,
B07B8NZQ68,vase,https://drive.google.com/file/d/12Hq0U08ziTBrmT0MCgjzRUlI87Z4Cv0K/view?usp=drivesdk,256,,vase,
B07B8PXTSY,vase,https://drive.google.com/file/d/1R_oRBTJZPhabJNNkw5IJWLcOPUAWSov2/view?usp=drivesdk,258,,vase,
B07B8VJBCL,vase,https://drive.google.com/file/d/1PwgzGYZ2EXs_QRMRfLrR7M1leIQPuDqZ/view?usp=drivesdk,260,,vase,
B07B8W8FBV,vase,https://drive.google.com/file/d/1Qt3EwK952cKuuhnTmCdAHikvJbDVnIe2/view?usp=drivesdk,261,,vase,
B07HSJVP5C,vase,https://drive.google.com/file/d/1PvsEjvdZaLh0jAdiUZwBxbJDIu2hGzDa/view?usp=drivesdk,330,,vase,
B07HSLG6WR,vase,https://drive.google.com/file/d/1z-fQiGXPSf51JMs_WGBhovXL1fVGv9hf/view?usp=drivesdk,332,,vase,
B07HSMVFMP,vase,https://drive.google.com/file/d/1YAvfsge7lVv-XIC7NJqx2YcC4B50LUhr/view?usp=drivesdk,333,,vase,
B07JLBDT51,vase,https://drive.google.com/file/d/1mzMWuvANT8K-sRZMvAw6Rt_LeXSHwAxc/view?usp=drivesdk,384,,vase,
B07JM1K8VH,vase,https://drive.google.com/file/d/11zPCCpLPemzMa1wirQmhxMhGn8ikv7rj/view?usp=drivesdk,425,,vase,
B07JM6GHC8,vase,https://drive.google.com/file/d/1xurLqi4-kjuDqB6LMmYEkGF7V85fcbQP/view?usp=drivesdk,433,,vase,