Name,Category,Video,Idx in dataset,Final Category,Sriram's Annotation,Aruns's Annotation
Frozen_Scrabble_Jr,1box,https://drive.google.com/file/d/17MoYxmqC_zv_B-Po0HaX0itDj67lhSf0/view?usp=drivesdk,300,,box,
Playmates_Industrial_CoSplinter_Teenage_Mutant_Ninja_Turtle_Action_Figure,action figure,https://drive.google.com/file/d/1TRfCd1Xlq0MW1DPOKRqQTw9wWTD45eoy/view?usp=drivesdk,664,,action_figure,
Playmates_nickelodeon_teenage_mutant_ninja_turtles_shredder,action figure,https://drive.google.com/file/d/18sP42PoZTBvsojqTpOTo9K3pppw8i0ni/view?usp=drivesdk,665,,action_figure,
Dino_3,action_figure,https://drive.google.com/file/d/1bn3JVgQRxIIoMTsrfTUeLQeDn4XbRBF8/view?usp=drivesdk,212,,action_figure,
Dino_4,action_figure,https://drive.google.com/file/d/146TY85GLtFz9OoV3viqDfuNC_Uv3xKZV/view?usp=drivesdk,213,,action_figure,
Dino_5,action_figure,https://drive.google.com/file/d/1HSrMxcZoNyU75HNzvVjdte9DNYIt_0uX/view?usp=drivesdk,214,,action_figure,
Nickelodeon_Teenage_Mutant_Ninja_Turtles_Leonardo,action_figure,https://drive.google.com/file/d/1jJGSjscjvHkTgr6zc6GG8vXVLQAohD0r/view?usp=drivesdk,522,,action_figure,
Nickelodeon_Teenage_Mutant_Ninja_Turtles_Michelangelo,action_figure,https://drive.google.com/file/d/1IgQjpURRnchff9XNywoxnavihZaxIKpu/view?usp=drivesdk,523,,action_figure,
Nickelodeon_Teenage_Mutant_Ninja_Turtles_Raphael,action_figure,https://drive.google.com/file/d/1nYL2X_uQ0TubQ6ZYYTGS9074-RD_3_U3/view?usp=drivesdk,524,,action_figure,
Nintendo_Mario_Action_Figure,action_figure,https://drive.google.com/file/d/1jAT7NUmGROsX-LxkQCLwtLZhZChu0nNr/view?usp=drivesdk,529,,action_figure,
Nintendo_Yoshi_Action_Figure,action_figure,https://drive.google.com/file/d/1iK8hjpTtfs7ZEBucWZOtFo0iD29lZ2uK/view?usp=drivesdk,531,,action_figure,
SpiderMan_Titan_Hero_12Inch_Action_Figure_5Hnn4mtkFsP,action_figure,https://drive.google.com/file/d/1lZLOhqMe0pbxwmKHgU2k52HlmrlaeARj/view?usp=drivesdk,840,,action_figure,
Teenage_Mutant_Ninja_Turtles_Rahzar_Action_Figure,action_figure,https://drive.google.com/file/d/1Z9G0Op2pcNR5MJpPrlCsv4tFYYHF4fID/view?usp=drivesdk,879,,action_figure,
SpiderMan_Titan_Hero_12Inch_Action_Figure_oo1qph4wwiW,action_figure,https://drive.google.com/file/d/1fDSIwCkuF0hOeZVM4DbpvFJi2KN20gsy/view?usp=drivesdk,841,,action_figure,
Android_Figure_Chrome,android_figure,https://drive.google.com/file/d/1_h7qrE6UUxTKT2uR_tyU4gaC7kHfODfK/view?usp=drivesdk,38,,android_figure,
Android_Figure_Orange,android_figure,https://drive.google.com/file/d/18VKnmCK8r0VC02_tkTneo7i_jzvSGZ1y/view?usp=drivesdk,39,,android_figure,
Android_Figure_Panda,android_figure,https://drive.google.com/file/d/1gcRskSFycoXtjvvGzGywd1UFnPPAotB-/view?usp=drivesdk,40,,android_figure,
Android_Lego,android_lego_duplo,https://drive.google.com/file/d/1k7G2s4o72lLBMAi4VxlVo6wlgn7ZdGnY/view?usp=drivesdk,41,,android_lego_duplo,
3M_Antislip_Surfacing_Light_Duty_White,anti_slip_tape,https://drive.google.com/file/d/1N6i9gH8PgCN1NCrD-qepMA4CBkyRFCMO/view?usp=drivesdk,10,,tape,
5_HTP,antidepressant_bottle,https://drive.google.com/file/d/1q17-GoOgrvm4SHAw23cGJG0rBmtDpsPI/view?usp=drivesdk,14,,medicine_bottle,
Olive_Kids_Dinosaur_Land_Lunch_Box,backpack,https://drive.google.com/file/d/1dCDM-zVAfCBukzTN8chXcq8zcoipi0Bh/view?usp=drivesdk,580,,backpack,
RJ_Rabbit_Easter_Basket_Blue,basket,https://drive.google.com/file/d/1zZ9QPjVizRmEMByPmGEui0JV_hqKp1YG/view?usp=drivesdk,696,,basket,
Threshold_Performance_Bath_Sheet_Sandoval_Blue_33_x_63,bath_sheet,https://drive.google.com/file/d/1yet8Zz4RziC9PC9eYaR-H3VsXnvcQyLM/view?usp=drivesdk,896,,bath_sheet,
Black_and_Decker_PBJ2000_FusionBlade_Blender_Jars,blender_jar_box,https://drive.google.com/file/d/15cd1vg7aAK074WOHZ1U7lEwlq5A954XX/view?usp=drivesdk,92,,box,
Clue_Board_Game_Classic_Edition,board_game,https://drive.google.com/file/d/1z7r2SOx3eSnu4KNf78cXgTg6-31IxCx8/view?usp=drivesdk,138,,board_game,
Connect_4_Launchers,board_game,https://drive.google.com/file/d/1aRkR_lwJuBIrWZNQciq9tc98EZB9vgLC/view?usp=drivesdk,165,,board_game,
FRACTION_FUN_n4h4qte23QR,board_game,https://drive.google.com/file/d/1c1gJospVJ8uoAi2d0V6uiGmGAybfCWtC/view?usp=drivesdk,284,,board_game,
Frozen_Olafs_In_Trouble_PopOMatic_Game_OEu83W9T8pD,board_game,https://drive.google.com/file/d/1fY5-kRkBc291Qo0WLL_2wYto1YmQ_P1W/view?usp=drivesdk,299,,board_game,
Balderdash_Game,board_game_box,https://drive.google.com/file/d/1Jrf8zOpolYpd_RrBVoFDy5_TGSI0FBr9/view?usp=drivesdk,78,,box,
Eat_to_Live_The_Amazing_NutrientRich_Program_for_Fast_and_Sustained_Weight_Loss_Revised_Edition_Book,book,https://drive.google.com/file/d/1kl2whvLgWgvByEx7HSAKvOaSYPqyOlQK/view?usp=drivesdk,222,,book,
Pet_Dophilus_powder,bottle,https://drive.google.com/file/d/1VJn0x4EqHTFxS--_FH866bP9OxJNEgNs/view?usp=drivesdk,654,,medicine_bottle,
PhosphOmega,bottle,https://drive.google.com/file/d/1BUda_C7mTYmykO5nsUw2DQEG_rMMEA3_/view?usp=drivesdk,662,,medicine_bottle,
Prostate_Optimizer,bottle,https://drive.google.com/file/d/1on2GPxnzRgtMToHIdJkA_Mc4xPD3HDou/view?usp=drivesdk,680,,medicine_bottle,
Bradshaw_International_11642_7_Qt_MP_Plastic_Bowl,bowl,https://drive.google.com/file/d/1vY88r3cvyrkbrT3tFTFsICR9DU4lXhm0/view?usp=drivesdk,98,,bowl,
Calphalon_Kitchen_Essentials_12_Cast_Iron_Fry_Pan_Black,bowl,#N/A,118,,bowl,
Cole_Hardware_Bowl_Scirocco_YellowBlue,bowl,https://drive.google.com/file/d/1nBKk8PqvMUWBx5wo3KSNB63rwy6zgAeG/view?usp=drivesdk,144,,bowl,
Footed_Bowl_Sand,bowl,https://drive.google.com/file/d/1H3NvEov6a45hq5IjrvPJBtk4CpvRlpEe/view?usp=drivesdk,296,,bowl,
Neat_Solutions_Character_Bib_2_pack,bowl,https://drive.google.com/file/d/1lNABFQwuvyx2TsugAit9MnIK2qO_dljX/view?usp=drivesdk,503,,bowl,
Now_Designs_Bowl_Akita_Black,bowl,https://drive.google.com/file/d/1gWWALQ_9QvVPP8hufXs5T0YLUae23PK2/view?usp=drivesdk,534,,bowl,
Sea_to_Summit_Xl_Bowl,bowl,https://drive.google.com/file/d/1PKOWocpJK9m8uLFjbHAQrnoJw8YmIUgD/view?usp=drivesdk,813,,bowl,
Threshold_Bead_Cereal_Bowl_White,bowl,https://drive.google.com/file/d/1jPOky9ay-lXXyRi1VTevt9-kxLZ0r0sQ/view?usp=drivesdk,892,,bowl,
Threshold_Porcelain_Serving_Bowl_Coupe_White,bowl,https://drive.google.com/file/d/17kv72eKGVgLuY8RTrnemO2IUwSwSaDuI/view?usp=drivesdk,899,,bowl,
Deskstar_Desk_Top_Hard_Drive_1_TB,box,https://drive.google.com/file/d/1VJxv7lwXGx4-hiNt0yEXPdEzuG8CKA2a/view?usp=drivesdk,208,,box,
Epson_273XL_Ink_Cartridge_Magenta,box,https://drive.google.com/file/d/1xC-TnUpa25FI6HUatyWcwhPEJdYxfzvB/view?usp=drivesdk,265,,box,
Epson_DURABrite_Ultra_786_Black_Ink_Cartridge_T786120S,box,https://drive.google.com/file/d/1qNy-uRVemKWlJByGg_3OJI2UW3RjKWfL/view?usp=drivesdk,266,,box,
Epson_Ink_Cartridge_126_Yellow,box,https://drive.google.com/file/d/1Et2PRJZmNli1sa3Bct_vF_MpfVv2zZXO/view?usp=drivesdk,267,,box,
Epson_Ink_Cartridge_Black_200,box,https://drive.google.com/file/d/1kVwHVTZNVkWKoN-BgkuUtjVKgVJeRL3j/view?usp=drivesdk,268,,box,
Epson_LabelWorks_LC4WBN9_Tape_reel_labels_047_x_295_Roll_Black_on_White,box,https://drive.google.com/file/d/1Md_UhIspOJyu_L3FXamD7jhGa92dCpcg/view?usp=drivesdk,269,,box,
Epson_LabelWorks_LC5WBN9_Tape_reel_labels_071_x_295_Roll_Black_on_White,box,https://drive.google.com/file/d/18xuUzafDjReA3FSVPe1p_lb8VDBEzz7U/view?usp=drivesdk,270,,box,
Epson_T5803_Ink_Cartridge_Magenta_1pack,box,https://drive.google.com/file/d/150WLwTbhbnmSOdQBDDOrGxwcpx1LdONj/view?usp=drivesdk,271,,box,
Epson_UltraChrome_T0543_Ink_Cartridge_Magenta_1pack,box,https://drive.google.com/file/d/1VE8PYogRzehzSUpTgTnTGbIia-jdDT0F/view?usp=drivesdk,272,,box,
Epson_UltraChrome_T0548_Ink_Cartridge_Matte_Black_1pack,box,https://drive.google.com/file/d/10cJbk9dIMFvKn-XQ_A-JAcXCm4txVPnE/view?usp=drivesdk,273,,box,
FemDophilus,box,https://drive.google.com/file/d/1PmMJSbJV46rxqXQ0hSVQGGnt6lqPnkM-/view?usp=drivesdk,289,,box,
Firefly_Clue_Board_Game,box,https://drive.google.com/file/d/1eYEb7SKFIUGTXmwPWMz0cmR8XaWpIvpl/view?usp=drivesdk,291,,box,
FisherPrice_Make_A_Match_Game_Thomas_Friends,box,https://drive.google.com/file/d/1g3zJ-cuPDOCWTaDKkNNSwI0MFVpfTqfN/view?usp=drivesdk,292,,box,
Frozen_Olafs_In_Trouble_PopOMatic_Game,box,https://drive.google.com/file/d/1_kHhVJkfS0Wd_O_qDYftwkZ3b4Rfuc4a/view?usp=drivesdk,298,,box,
Perricoen_MD_No_Concealer_Concealer,box,https://drive.google.com/file/d/1qjnnjOap__fYbhPJP08bdr6Ud9fk1hq8/view?usp=drivesdk,618,,box,
Perricone_MD_AcylGlutathione_Deep_Crease_Serum,box,https://drive.google.com/file/d/1Gu2T0WLn-vFXgyaSNj4ij0q2h72qyBFc/view?usp=drivesdk,619,,box,
Perricone_MD_AcylGlutathione_Eye_Lid_Serum,box,https://drive.google.com/file/d/1bONuOs6Kum-Bg8kDBKeJJEyA05MaM-w2/view?usp=drivesdk,620,,box,
Perricone_MD_Best_of_Perricone_7Piece_Collection_MEGsO6GIsyL,box,https://drive.google.com/file/d/1aUrkVZYidQ5LNbix9rz2VQZHZBVQTEqw/view?usp=drivesdk,621,,box,
Perricone_MD_Chia_Serum,box,https://drive.google.com/file/d/1wA1e_qn_RXvkb2fRxktsYqW-AbbQm6ze/view?usp=drivesdk,623,,box,
Perricone_MD_Cold_Plasma,box,https://drive.google.com/file/d/1XjrsuNWg6fI0pVrU_5yKi6MKsgp0nHp7/view?usp=drivesdk,624,,box,
Perricone_MD_Cold_Plasma_Body,box,https://drive.google.com/file/d/1eFwa7aF9Wa3ue30KswWpMCBRpBeza84V/view?usp=drivesdk,625,,box,
Perricone_MD_Face_Finishing_Moisturizer,box,https://drive.google.com/file/d/1R_pbRHeybY2OYCKh6KodxcQteoAdMOrA/view?usp=drivesdk,626,,box,
Perricone_MD_Firming_Neck_Therapy_Treatment,box,https://drive.google.com/file/d/152WvjmjyJgJoG-8OVILPN3asomT6QYLc/view?usp=drivesdk,628,,box,
Perricone_MD_High_Potency_Evening_Repair,box,https://drive.google.com/file/d/1q2gjnGaOBxyHQRhqn35gfemX8dcWkXiB/view?usp=drivesdk,630,,box,
Perricone_MD_Hypoallergenic_Firming_Eye_Cream_05_oz,box,https://drive.google.com/file/d/1-PqgkExJTaM5hwVU1c7rv1WjgwPK7FOS/view?usp=drivesdk,631,,box,
Perricone_MD_Neuropeptide_Facial_Conformer,box,https://drive.google.com/file/d/1tNa1-vm28IXW7Qocfftt_HzxCmXnwhkP/view?usp=drivesdk,633,,box,
Perricone_MD_Neuropeptide_Firming_Moisturizer,box,https://drive.google.com/file/d/1lxRdkfzesd_WH4oU60evulc9Ae8RaFy3/view?usp=drivesdk,634,,box,
Perricone_MD_No_Bronzer_Bronzer,box,https://drive.google.com/file/d/1C_7Jae8llFHkk-z4334OHsP2j5u1gTBV/view?usp=drivesdk,635,,box,
Perricone_MD_No_Foundation_Serum,box,https://drive.google.com/file/d/1vfWZ62o3TbwxIVY94kEcxG0BOZVPowZ4/view?usp=drivesdk,637,,box,
Perricone_MD_Nutritive_Cleanser,box,https://drive.google.com/file/d/1shMCQ4kKSNW3BMPCfSfL2zqQxePaBg3l/view?usp=drivesdk,640,,box,
Perricone_MD_OVM,box,https://drive.google.com/file/d/1zoaWibDpaJ8bEQndaMUKuV4p8U-9oh-h/view?usp=drivesdk,641,,box,
Perricone_MD_Omega_3_Supplements,box,https://drive.google.com/file/d/1NHa0E-8b2GXiitLiEPqY70UcLHTid01w/view?usp=drivesdk,642,,box,
Perricone_MD_Photo_Plasma,box,https://drive.google.com/file/d/1xiN4XZLOCE3AiQNkiycxy5vkW6-AWD9a/view?usp=drivesdk,643,,box,
Perricone_MD_Super_Berry_Powder_with_Acai_Supplements,box,https://drive.google.com/file/d/1EF1erWysyMgR2HLco3F0pIDwAEul2_nP/view?usp=drivesdk,646,,box,
Perricone_MD_The_Cold_Plasma_Face_Eyes_Duo,box,https://drive.google.com/file/d/1jHZEDahyZF9Yzk925U67vOSRsFcG-DyM/view?usp=drivesdk,647,,box,
Perricone_MD_The_Crease_Cure_Duo,box,https://drive.google.com/file/d/1Xj9kcKd9-qRNgyv66b099gus7OvvJEAH/view?usp=drivesdk,648,,box,
Perricone_MD_The_Metabolic_Formula_Supplements,box,https://drive.google.com/file/d/1sIWsiCi-EO4vTzVwdzZNGDTPwoeTtsKW/view?usp=drivesdk,649,,box,
Perricone_MD_The_Power_Treatments,box,https://drive.google.com/file/d/1pFZI1vsfXMSeIQESL-TuLtDDPRcMaLt7/view?usp=drivesdk,650,,box,
Perricone_MD_Vitamin_C_Ester_15,box,https://drive.google.com/file/d/1MNF3EdDsm6WEF4i0I_U_NRmq2axwz3sR/view?usp=drivesdk,651,,box,
Perricone_MD_Vitamin_C_Ester_Serum,box,https://drive.google.com/file/d/10aTK1zvOVA9eZiy9xmxAbBkULNVnrZmo/view?usp=drivesdk,652,,box,
Philips_60ct_Warm_White_LED_Smooth_Mini_String_Lights,box,https://drive.google.com/file/d/11rpmjlpmNiQFpYzkxMx-IoRxXEgvpieb/view?usp=drivesdk,655,,box,
Philips_EcoVantage_43_W_Light_Bulbs_Natural_Light_2_pack,box,https://drive.google.com/file/d/1gpSqZNpYzgCXx3nmHgXrCf30H5_Vo5Gt/view?usp=drivesdk,656,,box,
Philips_Sonicare_Tooth_Brush_2_count,box,https://drive.google.com/file/d/1kKdCDC3iqmvmC05ZecaJB_a4-I74LeDx/view?usp=drivesdk,657,,box,
Phillips_Caplets_Size_24,box,https://drive.google.com/file/d/1QExEJID6UpprYtfstl-ntZX8M7ZVQyHQ/view?usp=drivesdk,658,,box,
Phillips_Colon_Health_Probiotic_Capsule,box,https://drive.google.com/file/d/1Leam22NxTens8QHioGy-4Fv0m2idEGKy/view?usp=drivesdk,659,,box,
Pok√©mon_Omega_Ruby_Alpha_Sapphire_Dual_Pack_Nintendo_3DS,box,#N/A,670,,box,
Sonicare_2_Series_Toothbrush_Plaque_Control,box,https://drive.google.com/file/d/1F24gGQO7Cnb7JyeAe-MXtzYwlGarPoMV/view?usp=drivesdk,830,,box,
Sony_Acid_Music_Studio,box,https://drive.google.com/file/d/1YAEZrWPT5AOFpJKSt_8Vp8-vGTMHgjeb/view?usp=drivesdk,832,,box,
Sony_Downloadable_Loops,box,https://drive.google.com/file/d/1IiDtJeaUnhwqe33gCKGp2wo4JI3vEYGg/view?usp=drivesdk,833,,box,
Sorry_Sliders_Board_Game,box,https://drive.google.com/file/d/18fnfd-HB5ypCX4uUFqOp8YLbhDE5YxkQ/view?usp=drivesdk,836,,box,
Supernatural_Ouija_Board_Game,box,https://drive.google.com/file/d/1Z-rvJdkBltE6Hfw3hcHGpPOtvVGYinST/view?usp=drivesdk,854,,box,
Swiss_Miss_Hot_Cocoa_KCups_Milk_Chocolate_12_count,box,https://drive.google.com/file/d/1WOVfP327VPoRasPbJq4EGiCmT-ysn1NR/view?usp=drivesdk,856,,box,
Tena_Pads_Heavy_Long_42_pads,box,https://drive.google.com/file/d/1Fn-0orN1RntqUwSUiygrMqpXyVDyOQbf/view?usp=drivesdk,880,,box,
Tetris_Link_Game,box,https://drive.google.com/file/d/1rgOiJ7o8EAfdXiJZI4EDkbKWIpawV8Xd/view?usp=drivesdk,881,,box,
The_Coffee_Bean_Tea_Leaf_KCup_Packs_Jasmine_Green_Tea_16_count,box,https://drive.google.com/file/d/1NtcIT9DJszLV_cUmcmovIoMyXXL5Eiqf/view?usp=drivesdk,882,,box,
Nestle_Nips_Hard_Candy_Peanut_Butter,box_butter,https://drive.google.com/file/d/1okkEezObRB9CsQLv2RBVU98eg5nrx4TZ/view?usp=drivesdk,513,,box,
Nestle_Carnation_Cinnamon_Coffeecake_Kit_1913OZ,box_cake,https://drive.google.com/file/d/1GGmmg874i4QGY2WRIkvcsgtg40hwAfgX/view?usp=drivesdk,511,,box,
Nestle_Skinny_Cow_Dreamy_Clusters_Candy_Dark_Chocolate_6_pack_1_oz_pouches,box_candy,https://drive.google.com/file/d/1yFroz5GxElRHVQBTBoTgGs9D95grl4xC/view?usp=drivesdk,517,,box,
Nips_Hard_Candy_Rich_Creamy_Butter_Rum_4_oz_1133_g,box_candy,https://drive.google.com/file/d/19Azm9V5h1S4XBdrNqlgUrPIrhfjiNeCe/view?usp=drivesdk,532,,box,
Nestl_Skinny_Cow_Heavenly_Crisp_Candy_Bar_Chocolate_Raspberry_6_pack_462_oz_total,box_chocolate,https://drive.google.com/file/d/18MVtf5QshKNWd81SkKOvY0roEdouYHsZ/view?usp=drivesdk,509,,box,
NESCAFE_NESCAFE_TC_STKS_DECAF_6_CT,box_coffee,https://drive.google.com/file/d/1MPIy5US7uMPbN5C57DTQldQ6BGU8SisV/view?usp=drivesdk,500,,box,
Nescafe_16Count_Dolce_Gusto_Cappuccino_Capsules,box_coffee,https://drive.google.com/file/d/17W6ZOAx2MUQnYDAM8XSst7Syi7xp51ql/view?usp=drivesdk,504,,box,
Nescafe_Memento_Latte_Caramel_8_08_oz_23_g_packets_64_oz_184_g,box_coffee,https://drive.google.com/file/d/11azlk5licTJBz_5eoXLY1HFvEfbTA4lK/view?usp=drivesdk,505,,box,
Nescafe_Momento_Mocha_Specialty_Coffee_Mix_8_ct,box_coffee,https://drive.google.com/file/d/1ec3r5RKFWgSWut0nj5OMB0TPKUWsaDp8/view?usp=drivesdk,506,,box,
Nestl_Crunch_Girl_Scouts_Cookie_Flavors_Caramel_Coconut_78_oz_box,box_cookie,https://drive.google.com/file/d/1RJwIhGVlI7an1UDMsGUPWbwSeZIS_UmX/view?usp=drivesdk,508,,box,
Dell_Ink_Cartridge,box_ink,https://drive.google.com/file/d/1p9LpRQTBNgKzg2x9yhk8ND58wFtK2vdU/view?usp=drivesdk,204,,box,
Dell_Ink_Cartridge_Yellow_31,box_ink,https://drive.google.com/file/d/1cz0s7TbHmSg_RCumeCDMNmly0C-fuQhd/view?usp=drivesdk,205,,box,
Dell_Series_9_Color_Ink_Cartridge_MK993_High_Yield,box_ink,https://drive.google.com/file/d/1jCfeUtAybDNDrji45iAdcNfAA6IwbKVB/view?usp=drivesdk,206,,box,
Office_Depot_Canon_CL211XL_Remanufactured_Ink_Cartridge_TriColor,box_ink,https://drive.google.com/file/d/1yiUd0ekhfqXlR5UfP4TvFB-VMMElvouq/view?usp=drivesdk,544,,box,
Office_Depot_Canon_CLI_221BK_Ink_Cartridge_Black_2946B001,box_ink,https://drive.google.com/file/d/1IzeeOt8FQdbetBk0DH0qY7UjC40QA3wU/view?usp=drivesdk,546,,box,
Office_Depot_Canon_CLI_8CMY_Remanufactured_Ink_Cartridges_Color_Cyan_Magenta_Yellow_3_count,box_ink,https://drive.google.com/file/d/1vun6RxF8OhOVGuyNsspPT5bhape2C31I/view?usp=drivesdk,547,,box,
Office_Depot_Canon_CLI_8Y_Ink_Cartridge_Yellow_0623B002,box_ink,https://drive.google.com/file/d/1QGBfW7EmZk3CkqvbkV5u1MRb5cdy-Ab4/view?usp=drivesdk,548,,box,
Office_Depot_Canon_CL_41_Remanufactured_Ink_Cartridge_TriColor,box_ink,https://drive.google.com/file/d/1HJwkWNjuxvT9jNkmQiGyIE70J4E95r75/view?usp=drivesdk,549,,box,
Office_Depot_Canon_PG21XL_Remanufactured_Ink_Cartridge_Black,box_ink,https://drive.google.com/file/d/1C2ZFGv-yEcQN6NdkcEHSBTc70p7P8HBl/view?usp=drivesdk,550,,box,
Office_Depot_Canon_PGI22_Remanufactured_Ink_Cartridge_Black,box_ink,https://drive.google.com/file/d/1pp89fufZ71g3gYKMR_IEdvNRCaqXNTLo/view?usp=drivesdk,551,,box,
Office_Depot_Canon_PGI35_Remanufactured_Ink_Cartridge_Black,box_ink,https://drive.google.com/file/d/1FsTc3MpPeWl9w-zmiWINCz6Z8enybkjB/view?usp=drivesdk,552,,box,
Office_Depot_Canon_PGI5BK_Remanufactured_Ink_Cartridge_Black,box_ink,https://drive.google.com/file/d/1BSeNOTQc-RT4UCowcRwAorrmiZdIrZ68/view?usp=drivesdk,553,,box,
Office_Depot_Canon_PG_240XL_Ink_Cartridge_Black_5206B001,box_ink,https://drive.google.com/file/d/1BcpkZCKfC3wOVyP6Lf-mMET9JEBgrwns/view?usp=drivesdk,554,,box,
Office_Depot_Dell_Series_11_Remanufactured_Ink_Cartridge_Black,box_ink,https://drive.google.com/file/d/1d8up4fgxNVIlPQ1h3ETRUnPCDi0K1wp5/view?usp=drivesdk,555,,box,
Office_Depot_Dell_Series_11_Remanufactured_Ink_Cartridge_TriColor,box_ink,https://drive.google.com/file/d/1khYXY6hjxNDCS3ydex8b9yynZ2PE4xW-/view?usp=drivesdk,556,,box,
Office_Depot_Dell_Series_1_Remanufactured_Ink_Cartridge_Black,box_ink,https://drive.google.com/file/d/1lpftuBAY4ej5nEOwkc4OyyJAAPx3bXfp/view?usp=drivesdk,557,,box,
Office_Depot_Dell_Series_1_Remanufactured_Ink_Cartridge_TriColor,box_ink,https://drive.google.com/file/d/1GoR2qDfCb4-Xh3kfRao30k8mKF2kIjoP/view?usp=drivesdk,558,,box,
Office_Depot_Dell_Series_5_Remanufactured_Ink_Cartridge_Black,box_ink,https://drive.google.com/file/d/1MJcctATmWZOQB99W5e6EzbN9Fbyl1tWW/view?usp=drivesdk,559,,box,
Office_Depot_Dell_Series_9_Color_Ink_Ink_Cartridge_MK991_MK993,box_ink,https://drive.google.com/file/d/1T5SuCZji20jycE4bmDPC7kGX03O1H3WR/view?usp=drivesdk,560,,box,
Office_Depot_Dell_Series_9_Ink_Cartridge_Black_MK992,box_ink,https://drive.google.com/file/d/1_wPrPUzil6PpGmRD3l7W8nlE7bSI4z1V/view?usp=drivesdk,561,,box,
Office_Depot_HP_2_Remanufactured_Ink_Cartridges_Color_Cyan_Magenta_Yellow_3_count,box_ink,https://drive.google.com/file/d/17FHZjb8dEh1Ta9T37TciKwJEQ5zJeSQm/view?usp=drivesdk,562,,box,
Office_Depot_HP_564XL_Ink_Cartridge_Black_CN684WN,box_ink,https://drive.google.com/file/d/1aN4-1_AVXllppaB_Ggoc1XcrFTSAMK-f/view?usp=drivesdk,563,,box,
Office_Depot_HP_564XL_Remanufactured_Ink_Cartridges_Color_Cyan_Magenta_Yellow_3_count,box_ink,https://drive.google.com/file/d/1jGthLuM-N_yza0x_zDkdmDePvMLmLYWX/view?usp=drivesdk,564,,box,
Office_Depot_HP_61Tricolor_Ink_Cartridge,box_ink,https://drive.google.com/file/d/1RgyjY2C7C9vwfWZAIIKUrOHj5vrzg43X/view?usp=drivesdk,565,,box,
Office_Depot_HP_71_Remanufactured_Ink_Cartridge_Black,box_ink,https://drive.google.com/file/d/1iUMAoEpPridbiDyo6-7U7rNCy49Kv6Gp/view?usp=drivesdk,566,,box,
Office_Depot_HP_74XL75_Remanufactured_Ink_Cartridges_BlackTriColor_2_count,box_ink,https://drive.google.com/file/d/1EwB2kuNz7GTHJ3sy5eUgQXDe1Jokd8_1/view?usp=drivesdk,567,,box,
Office_Depot_HP_75_Remanufactured_Ink_Cartridge_TriColor,box_ink,https://drive.google.com/file/d/1Mudeb_sU6SGwk874qc9jAWIpqAx2jOdO/view?usp=drivesdk,568,,box,
Office_Depot_HP_920XL_920_High_Yield_Black_and_Standard_CMY_Color_Ink_Cartridges,box_ink,https://drive.google.com/file/d/1DhLhqBh3jqR93K7VrmcBEt-Fh9kbpdof/view?usp=drivesdk,569,,box,
Office_Depot_HP_932XL_Ink_Cartridge_Black_CN053A,box_ink,https://drive.google.com/file/d/15p4CcRhDPauXmjrsKCcWbH-AseU1wx6M/view?usp=drivesdk,570,,box,
Office_Depot_HP_950XL_Ink_Cartridge_Black_CN045AN,box_ink,https://drive.google.com/file/d/1XF9fLo5OcunRsyajOWapWKcc6zCxSqv1/view?usp=drivesdk,571,,box,
Office_Depot_HP_96_Remanufactured_Ink_Cartridge_Black,box_ink,https://drive.google.com/file/d/1b-ToF4nd0H0HfSwKOt-av_u5CFJpQY7a/view?usp=drivesdk,572,,box,
Office_Depot_HP_98_Remanufactured_Ink_Cartridge_Black,box_ink,https://drive.google.com/file/d/1C6hCgdZLTEhQIdzSVbc9Ik9ZUEaq1DYo/view?usp=drivesdk,573,,box,
Nintendo_Wii_Party_U_with_Controller_Wii_U_Game,box_wii,https://drive.google.com/file/d/1E62hIeXd991Q8wCCII2BewKTx9-fdRoF/view?usp=drivesdk,530,,box,
Nordic_Ware_Original_Bundt_Pan,bundt_pan,https://drive.google.com/file/d/1D47HregYN_G927Xq3ecwSHufl8_kU1MM/view?usp=drivesdk,533,,pan,
Cole_Hardware_Butter_Dish_Square_Red,butter_dish,https://drive.google.com/file/d/1dWqCYSEyxxjnssERXI5slrtuIBKsRB1l/view?usp=drivesdk,145,,butter_dish,
Pony_C_Clamp_1440,c-clamp,https://drive.google.com/file/d/1_FWoWm00ohKYp7K9HJYF2aLqDoFj4kpt/view?usp=drivesdk,673,,c-clamp,
Chef_Style_Round_Cake_Pan_9_inch_pan,cake_pan,https://drive.google.com/file/d/1DUmCf-IW5oTmLzQx8J58zpeJVJjJ3ePc/view?usp=drivesdk,129,,pan,
Nikon_1_AW1_w11275mm_Lens_Silver,camera,https://drive.google.com/file/d/14fqDIeAzMa9ovQdDHBWzN_M31yWhoFHr/view?usp=drivesdk,527,,camera,
Don_Franciscos_Gourmet_Coffee_Medium_Decaf_100_Colombian_12_oz_340_g,can,https://drive.google.com/file/d/13mx7LjYjxlhzFPTFp9mqnnHTeconpWl5/view?usp=drivesdk,217,,can,
OXO_Soft_Works_Can_Opener_SnapLock,can_opener,https://drive.google.com/file/d/1brHUmfoaUqiKBkSZbq0PGQD7uXuXGKWs/view?usp=drivesdk,540,,can_opener,
Nestle_Candy_19_oz_Butterfinger_Singles_116567,candy_bar,https://drive.google.com/file/d/14bUfbxJxKwVz9FcSR7_nwfzJ3zi6TlvF/view?usp=drivesdk,510,,candy_bar,
Apples_to_Apples_Kids_Edition,card_game_box,https://drive.google.com/file/d/1rFB8HkebskzUPvQdsNxUUOLhesT8pzQv/view?usp=drivesdk,44,,box,
Corningware_CW_by_Corningware_3qt_Oblong_Casserole_Dish_Blue,casserole_dish,https://drive.google.com/file/d/1IoFf4utdeKTA2y-Y0Jr6BRfNNBgbcD7J/view?usp=drivesdk,169,,casserole_dish,
Nestle_Raisinets_Milk_Chocolate_35_oz_992_g,chocolate,https://drive.google.com/file/d/1mFTHBNrxm5Ir6VYDsCDxnVgejuPuIS1f/view?usp=drivesdk,516,,chocolate,
Nestle_Nesquik_Chocolate_Powder_Flavored_Milk_Additive_109_Oz_Canister,chocolate_powder,https://drive.google.com/file/d/1tV5j9Be_gHeUoZLnGgLdpIWWCmt9SdwO/view?usp=drivesdk,512,,chocolate_powder,
Crosley_Alarm_Clock_Vintage_Metal,clock,https://drive.google.com/file/d/1FUwElKjrmO4dXm2EcgEnDI-GQ-Y21MCw/view?usp=drivesdk,186,,clock,
Nescafe_Tasters_Choice_Instant_Coffee_Decaf_House_Blend_Light_7_oz,coffee_beans,https://drive.google.com/file/d/1UjyRzOkIIURJ4FqSFjbAbnPd9Z5ZGud3/view?usp=drivesdk,507,,coffee_beans,
Ecoforms_Cup_B4_SAN,cup,https://drive.google.com/file/d/1r-_wZ2zRi5jeSdnDRl2NLt4-RsH7kswk/view?usp=drivesdk,223,,cup,
Arm_Hammer_Diaper_Pail_Refills_12_Pack_MFWkmoweejt,diaper_pack_box,https://drive.google.com/file/d/1Q6wF6mi_NOgpFExGZM3QZjLwBHBBWPVt/view?usp=drivesdk,45,,box,
Folic_Acid,dietary_supplement,https://drive.google.com/file/d/1bTmjMHyvGBwDUrN7hoyqNhQEM-lFXHrq/view?usp=drivesdk,295,,medicine_bottle,
NattoMax,dietary_supplement,https://drive.google.com/file/d/1nD3n--R9GZ2sU4QO3N2WaW2gguG6ftI-/view?usp=drivesdk,502,,medicine_bottle,
Organic_Whey_Protein_Unflavored,dietary_supplement,https://drive.google.com/file/d/1Mp3QQdMTFqU0k8CzpaPmUIgUVS31m7p1/view?usp=drivesdk,593,,medicine_bottle,
Organic_Whey_Protein_Vanilla,dietary_supplement,https://drive.google.com/file/d/1b2u7ONCDoY_mYxvAUGYDT73Zh9wS9ALs/view?usp=drivesdk,594,,medicine_bottle,
Perricone_MD_Health_Weight_Management_Supplements,dietary_supplement,https://drive.google.com/file/d/14kLfUmXgt-SgtlhNq3ootdVlrw4tKxbq/view?usp=drivesdk,629,,medicine_bottle,
QAbsorb_CoQ10,dietary_supplement,https://drive.google.com/file/d/18xXAkZwYHiWj5AWOWXvVmJoSgCobLVMr/view?usp=drivesdk,688,,medicine_bottle,
QAbsorb_CoQ10_53iUqjWjW3O,dietary_supplement,https://drive.google.com/file/d/1kZcjb5sGt_hBPRm4m4qxb1_01CrnDD6X/view?usp=drivesdk,689,,medicine_bottle,
QHPomegranate,dietary_supplement,https://drive.google.com/file/d/17OicSNAwIgkFOgZc71_AD3v-v44xZRDX/view?usp=drivesdk,690,,medicine_bottle,
Quercetin_500,dietary_supplement,https://drive.google.com/file/d/16nw09kC1F3yZvaZaPd_AM8gC9x1vEGhS/view?usp=drivesdk,691,,medicine_bottle,
Sleep_Optimizer,dietary_supplement,https://drive.google.com/file/d/1fk3welGCbCFgDYEK-_uWTaTbjYYjOk3b/view?usp=drivesdk,827,,medicine_bottle,
Theanine,dietary_supplement,https://drive.google.com/file/d/1ShQY8ZlQhSpL1bF1gjU0WhsUPwOrIUB8/view?usp=drivesdk,884,,medicine_bottle,
AllergenFree_JarroDophilus,dietary_supplement_bottle,https://drive.google.com/file/d/1x-QB4sueo4XuQ9rdh7s1H3HQZdEwhqlq/view?usp=drivesdk,37,,medicine_bottle,
Bifidus_Balance_FOS,dietary_supplement_bottle,https://drive.google.com/file/d/1k3Q2hj8hjx7yw80BPz_hi_L_Ygtkw8wj/view?usp=drivesdk,82,,medicine_bottle,
Blackcurrant_Lutein,dietary_supplement_bottle,https://drive.google.com/file/d/1Z7MRbY71nOpstbAKC_qB5uqY1y9RbNs6/view?usp=drivesdk,94,,medicine_bottle,
Borage_GLA240Gamma_Tocopherol,dietary_supplement_bottle,https://drive.google.com/file/d/12uJRrhPRgpZBFoDyZOALDJQO7P15zNeI/view?usp=drivesdk,97,,medicine_bottle,
Black_Elderberry_Syrup_54_oz_Gaia_Herbs,dietary_supplement_box,https://drive.google.com/file/d/1Epp9Xrj4EJsRabAnNldPtR9muNslYMqH/view?usp=drivesdk,89,,box,
Cole_Hardware_Dishtowel_Blue,dishtowel,https://drive.google.com/file/d/1KVF7GSg2PudkD4y6M8tCmxL65sfRDYHv/view?usp=drivesdk,147,,dishtowel,
Cole_Hardware_Dishtowel_BlueWhite,dishtowel,https://drive.google.com/file/d/1XKTXO-MThc2xZLDe9AwLCdqU_v4PdvGb/view?usp=drivesdk,148,,dishtowel,
Cole_Hardware_Dishtowel_Multicolors,dishtowel,https://drive.google.com/file/d/1GAmp02bwZnOTCWDQkQkCbfwM9Z12bXnu/view?usp=drivesdk,149,,dishtowel,
Cole_Hardware_Dishtowel_Red,dishtowel,https://drive.google.com/file/d/1PgYMzOGCUgkMsJ_Qwcwk6m1tQuY7ad50/view?usp=drivesdk,150,,dishtowel,
Cole_Hardware_Dishtowel_Stripe,dishtowel,https://drive.google.com/file/d/1k6DaWp7co1rVEhGj8uMMxi1DuHQEthFS/view?usp=drivesdk,151,,dishtowel,
Envision_Home_Dish_Drying_Mat_Red_6_x_18,dishtowel,https://drive.google.com/file/d/1LN-Q78o7IR71CwHrQtVYCT3i31Su5PtD/view?usp=drivesdk,264,,dishtowel,
Tag_Dishtowel_18_x_26,dishtowel,https://drive.google.com/file/d/1x1bcH8_ZS97ByRFP9pz7enpwrxmn5P-L/view?usp=drivesdk,873,,dishtowel,
Tag_Dishtowel_Basket_Weave_Red_18_x_26,dishtowel,https://drive.google.com/file/d/1MbRd4fmJ_6pI8L9pa67CvLyWkArrqOwA/view?usp=drivesdk,874,,dishtowel,
Tag_Dishtowel_Dobby_Stripe_Blue_18_x_26,dishtowel,https://drive.google.com/file/d/1iPNlgtwI821YfTgtxr4kQxDkUfs8_Jqc/view?usp=drivesdk,875,,dishtowel,
Tag_Dishtowel_Green,dishtowel,https://drive.google.com/file/d/11Inh5Mgo4COUXdjLv9ETQjkDRqK0T9ls/view?usp=drivesdk,876,,dishtowel,
Tag_Dishtowel_Waffle_Gray_Checks_18_x_26,dishtowel,https://drive.google.com/file/d/18xQi2inQijJ73sZChtk_H2lNFlzuZ-pr/view?usp=drivesdk,877,,dishtowel,
3D_Dollhouse_Happy_Brother,doll,https://drive.google.com/file/d/10pN10N9C0ou-6IlF-zvJuvUa-vizXWfH/view?usp=drivesdk,3,,doll,
Shurtape_30_Day_Removal_UV_Delct_15,duct_tape,https://drive.google.com/file/d/1x_BhheML3IfEQ04RapA9Ur8vnspOKjXd/view?usp=drivesdk,822,,tape,
Shurtape_Gaffers_Tape_Silver_2_x_60_yd,duct_tape,https://drive.google.com/file/d/1yEeS88snuYz0Djo234d35JTyI4MuZdsS/view?usp=drivesdk,823,,tape,
Shurtape_Tape_Purple_CP28,duct_tape,https://drive.google.com/file/d/1kz2rdMKnkWy-GZGW0sVd9DKnFYTX4rJL/view?usp=drivesdk,824,,tape,
Ocedar_Snap_On_Dust_Pan_And_Brush_1_ct,dustpan_and_brush,https://drive.google.com/file/d/1_UXlg60U5qfcDV4bOM189D-qLqMiTynh/view?usp=drivesdk,543,,dustpan_and_brush,
Spritz_Easter_Basket_Plastic_Teal,easter_basket,https://drive.google.com/file/d/1tJpD6tBx1b0anIcvb354uSXkuH5CV25H/view?usp=drivesdk,842,,basket,
Shaxon_100_Molded_Category_6_RJ45RJ45_Shielded_Patch_Cord_White,electronic_cable,https://drive.google.com/file/d/1kVjXpeAynU90vUx0Nc99yv5NUBLwuFht/view?usp=drivesdk,821,,electronic_cable,
Poppin_File_Sorter_Blue,file_sorter,https://drive.google.com/file/d/1p-_ijAzTFaZE-T-ISA-RgE79lIKZCu-P/view?usp=drivesdk,674,,file_sorter,
Poppin_File_Sorter_Pink,file_sorter,https://drive.google.com/file/d/1r-MxT0LLJN-Nl1P8uLtkxv0lJEKFU5OR/view?usp=drivesdk,675,,file_sorter,
Black_Forest_Fruit_Snacks_28_Pack_Grape,fruit_snack_box,https://drive.google.com/file/d/19QYb5553zw6DbMhroaiGOgs0M9qsgDno/view?usp=drivesdk,90,,box,
Black_Forest_Fruit_Snacks_Juicy_Filled_Centers_10_pouches_9_oz_total,fruit_snack_box,https://drive.google.com/file/d/1LoJEmznzqA5ciKaWpRlA1PdNJsGfbhqc/view?usp=drivesdk,91,,box,
Cole_Hardware_Hammer_Black,hammer,https://drive.google.com/file/d/1pywIOr0_bYj6OAKZi-wFtrlCGwWwaNlR/view?usp=drivesdk,155,,hammer,
The_Scooper_Hooper,hand_bell,https://drive.google.com/file/d/1mtyEXuoY0sMbhe7EiG2X0KpCNrTFvScj/view?usp=drivesdk,883,,hand_bell,
BlackBlack_Nintendo_3DSXL,handheld_video_game_console,https://drive.google.com/file/d/10ls3FM-aazsxr7vhCLJhO0-gnQnTTlVm/view?usp=drivesdk,86,,gaming_console,
BlueBlack_Nintendo_3DSXL,handheld_video_game_console,https://drive.google.com/file/d/1OL1GZGPPmEBkJj4UdnPSbm0E583rpihO/view?usp=drivesdk,95,,gaming_console,
Seagate_1TB_Backup_Plus_portable_drive_Blue,hard_drive,https://drive.google.com/file/d/1Gut1EwgdK52304eMa4lFFMODDJZaq8Sj/view?usp=drivesdk,814,,hard_drive,
Seagate_1TB_Backup_Plus_portable_drive_Silver,hard_drive,https://drive.google.com/file/d/1jvtE-U3H5TZsljEIHe-lEpt7bw_L5cV6/view?usp=drivesdk,815,,hard_drive,
Seagate_1TB_Backup_Plus_portable_drive_for_Mac,hard_drive,https://drive.google.com/file/d/1gYbD4GyzUnr-yBL5bsEwN5QFLCKzbtAa/view?usp=drivesdk,816,,hard_drive,
Seagate_1TB_Wireless_Plus_mobile_device_storage,hard_drive,https://drive.google.com/file/d/1enRsSZmHPQxSn2cucUM2F8Yy8ujrgEDQ/view?usp=drivesdk,817,,hard_drive,
Seagate_Archive_HDD_8_TB_Internal_hard_drive_SATA_6Gbs_35_ST8000AS0002,hard_drive,https://drive.google.com/file/d/1VbeGw67j4btz33SsBnf7ix6usvGulzxm/view?usp=drivesdk,819,,hard_drive,
DPC_Handmade_Hat_Brown,hat,https://drive.google.com/file/d/11pCT1Nja6KJuyzn2WX-FX4fRCg2xMywd/view?usp=drivesdk,196,,hat,
DPC_tropical_Trends_Hat,hat,https://drive.google.com/file/d/18oNJJ9WOSdmSImKyo0Dx6cIbfHjjR0qG/view?usp=drivesdk,198,,hat,
Object_REmvBDJStub,hat,https://drive.google.com/file/d/1EVBrykiA-aDtuBv9BCnVB6bdjQJZpBw5/view?usp=drivesdk,542,,hat,
Ortho_Forward_Facing_CkAW6rL25xH,helmet,https://drive.google.com/file/d/157u9fM4kncokNd8voeW2XkCKdMEWotrp/view?usp=drivesdk,597,,helmet,
Polar_Herring_Fillets_Smoked_Peppered_705_oz_total,herring_fillets,https://drive.google.com/file/d/1wq1fX7OIwKgOHRF5tl3abZw7CCTM5fSm/view?usp=drivesdk,672,,herring_fillets,
2_of_Jenga_Classic_Game,jenga,https://drive.google.com/file/d/114hjYFwvreWyCdvodbq3muSrzKImpa3d/view?usp=drivesdk,1,,jenga,
Focus_8643_Lime_Squeezer_10x35x188_Enamelled_Aluminum_Light,lime_squeezer,https://drive.google.com/file/d/10-rwcj4-jrLTrK-ENObNgY1_21F7sGPX/view?usp=drivesdk,294,,lime_squeezer,
Now_Designs_Snack_Bags_Bicycle_2_count,lunch_bag,https://drive.google.com/file/d/1ycPhsfQH-CBjUQYI0BjX2VhLXbVCFxWI/view?usp=drivesdk,536,,lunch_bag,
Olive_Kids_Birdie_Lunch_Box,lunch_box,https://drive.google.com/file/d/1ks0enpsdsna-F1sqL4BVt5UTDicX4jTo/view?usp=drivesdk,574,,lunch_box,
Paul_Frank_Dot_Lunch_Box,lunch_box,https://drive.google.com/file/d/1r469OcY-KT-gh_-gzvUoVNtMP-nMdMq6/view?usp=drivesdk,612,,lunch_box,
Beta_Glucan,medicine_bottle,https://drive.google.com/file/d/10-0Zz4H3dWmNEwd6KtJR_AAtobMLZvJN/view?usp=drivesdk,80,,medicine_bottle,
Aroma_Stainless_Steel_Milk_Frother_2_Cup,milk_frother_cup,https://drive.google.com/file/d/1K0zmQrRiVzAft6HKE0EknKddGLpWYGau/view?usp=drivesdk,46,,milk_frother_cup,
Asus_M5A78LMUSB3_Motherboard_Micro_ATX_Socket_AM3,motherboard_box,https://drive.google.com/file/d/15Kz-xF1bD-5KPtkJPo_DnJU0Oinlqe9O/view?usp=drivesdk,48,,box,
Asus_M5A99FX_PRO_R20_Motherboard_ATX_Socket_AM3,motherboard_box,https://drive.google.com/file/d/1Ir8BmXptUy7ekcgsfKchYXnNTL6HX_-1/view?usp=drivesdk,49,,box,
Asus_Sabertooth_990FX_20_Motherboard_ATX_Socket_AM3,motherboard_box,https://drive.google.com/file/d/18KrGv3jS7cuO9E2cBQSLMAekHC9gAjQq/view?usp=drivesdk,50,,box,
Asus_Sabertooth_Z97_MARK_1_Motherboard_ATX_LGA1150_Socket,motherboard_box,https://drive.google.com/file/d/1ifdO-_M-th2lcpfx05XC0poCaCY1sDFL/view?usp=drivesdk,51,,box,
Asus_X99Deluxe_Motherboard_ATX_LGA2011v3_Socket,motherboard_box,https://drive.google.com/file/d/1SFm6XsrUi0nRdBlMzgGdq78iJD9wcoWX/view?usp=drivesdk,52,,box,
Asus_Z87PRO_Motherboard_ATX_LGA1150_Socket,motherboard_box,https://drive.google.com/file/d/1bZk2_Qrg2Big7hvB8xyroOymm9DQWJ9k/view?usp=drivesdk,53,,box,
Asus_Z97AR_LGA_1150_Intel_ATX_Motherboard,motherboard_box,https://drive.google.com/file/d/1OvKddpO1-wgbM5gr2HZwJxFk_bUnnBrq/view?usp=drivesdk,54,,box,
Asus_Z97IPLUS_Motherboard_Mini_ITX_LGA1150_Socket,motherboard_box,https://drive.google.com/file/d/1Cm7wYZrivfOMG-soA4KZ-I64J6Sqh4Y8/view?usp=drivesdk,55,,box,
Beyonc_Life_is_But_a_Dream_DVD,movie_dvd_box,https://drive.google.com/file/d/1EFSuCCxN4fC9n-X4gfj88bZxKTjCDslc/view?usp=drivesdk,81,,box,
Blue_Jasmine_Includes_Digital_Copy_UltraViolet_DVD,movie_dvd_box,https://drive.google.com/file/d/10K35BBlDIhC--FfNkqoseinRcIuVgKiz/view?usp=drivesdk,96,,box,
ACE_Coffee_Mug_Kristen_16_oz_cup,mug,https://drive.google.com/file/d/1Tsh6kXnL4NSmNwnEKGozZz5CEogr1ktF/view?usp=drivesdk,16,,mug,
Cole_Hardware_Mug_Classic_Blue,mug,https://drive.google.com/file/d/19IRmRVFBKGQvfsG13b7sziYqkRa9jsRs/view?usp=drivesdk,157,,mug,
Threshold_Porcelain_Coffee_Mug_All_Over_Bead_White,mug,https://drive.google.com/file/d/1mfTnmDeR2caH_YVPANsx62111o7JG42u/view?usp=drivesdk,897,,mug,
Nintendo_2DS_Crimson_Red,nintendo_switch,https://drive.google.com/file/d/1FXlgR-DPZJA72T-GG34PwXlSMLZPlNhJ/view?usp=drivesdk,528,,nintendo_switch,
Brother_Ink_Cartridge_Magenta_LC75M,object_box,https://drive.google.com/file/d/1eZ0sNY7qw73rlKxL76yM9WG_ugCJj0xi/view?usp=drivesdk,101,,storage_box,
Brother_LC_1053PKS_Ink_Cartridge_CyanMagentaYellow_1pack,object_box,https://drive.google.com/file/d/1Ojczh05wi3GVxZLnEzAuxGXj015KmWKO/view?usp=drivesdk,102,,storage_box,
Canon_225226_Ink_Cartridges_BlackColor_Cyan_Magenta_Yellow_6_count,object_box,https://drive.google.com/file/d/1Cygi1HWVJT6OUa2RhICYn6jhZhSoi9Tr/view?usp=drivesdk,119,,storage_box,
Canon_Ink_Cartridge_Green_6,object_box,https://drive.google.com/file/d/1UAdasTwZcmAHqQpSmE20LIb0MMGA7wBM/view?usp=drivesdk,120,,storage_box,
Canon_Pixma_Chromalife_100_Magenta_8,object_box,https://drive.google.com/file/d/16MNWoaHLOqi6N-PZH1aYn1MlH2O4AXV2/view?usp=drivesdk,121,,storage_box,
Canon_Pixma_Ink_Cartridge_251_M,object_box,https://drive.google.com/file/d/1dlTjWjcGGM5nTliOeZ0FcEmQQwxOThEW/view?usp=drivesdk,122,,storage_box,
Canon_Pixma_Ink_Cartridge_8,object_box,https://drive.google.com/file/d/10S2-RcL3GNs3xWcTNDuv0BWRyMrMrQHB/view?usp=drivesdk,123,,storage_box,
Canon_Pixma_Ink_Cartridge_8_Green,object_box,https://drive.google.com/file/d/1N5gv5oKqBrZUaipt6j8dt5juRkNAW4kd/view?usp=drivesdk,124,,storage_box,
Canon_Pixma_Ink_Cartridge_8_Red,object_box,https://drive.google.com/file/d/16FbG6FaAT22CuGDAs2uxf6IaMW5G8mn4/view?usp=drivesdk,125,,storage_box,
Canon_Pixma_Ink_Cartridge_Cyan_251,object_box,https://drive.google.com/file/d/15g74nt-Hpes-nIUIikl9fZCVvnX1lYM1/view?usp=drivesdk,126,,storage_box,
Cootie_Game_tDhURNbfU5J,object_box,https://drive.google.com/file/d/1aUrUBJr7Ik490XZ_-aTHw0qzqBPLa9WI/view?usp=drivesdk,167,,storage_box,
Crayola_Bonus_64_Crayons,object_box,https://drive.google.com/file/d/1g5cteWfBlyTUjx9zIz1-S-7ZaeH1Z1L_/view?usp=drivesdk,172,,storage_box,
Crayola_Crayons_120_crayons,object_box,https://drive.google.com/file/d/1SpOvjvhKThJF0acFK1lYt43B8TfidhsW/view?usp=drivesdk,173,,storage_box,
Crayola_Crayons_24_count,object_box,https://drive.google.com/file/d/1F4vEXsS5GyTKiFjoI-fLu4pntviPQWOF/view?usp=drivesdk,174,,storage_box,
Crayola_Crayons_Washable_24_crayons,object_box,https://drive.google.com/file/d/11QrpaZMdYuXKTEpkGHOsNSkBFLuLm9Vz/view?usp=drivesdk,175,,storage_box,
Crayola_Model_Magic_Modeling_Material_Single_Packs_6_pack_05_oz_packs,object_box,https://drive.google.com/file/d/1MMUuqXuPrA5dyaCza0-BafAmJNXDIsYs/view?usp=drivesdk,176,,storage_box,
Crayola_Model_Magic_Modeling_Material_White_3_oz,object_box,https://drive.google.com/file/d/1Qbx59xLIHNlA65E4XP2QKY1ogNun6noF/view?usp=drivesdk,177,,storage_box,
Crayola_Washable_Fingerpaint_Red_Blue_Yellow_3_count_8_fl_oz_bottes_each,object_box,https://drive.google.com/file/d/1tyFynkW9JwiO0w1O8iJjHKZzhOIQlF0k/view?usp=drivesdk,178,,storage_box,
Crayola_Washable_Sidewalk_Chalk_16_pack,object_box,https://drive.google.com/file/d/1aSfYE88D-RkkI1BwyULNuw_Pw712xOji/view?usp=drivesdk,179,,storage_box,
Crayola_Washable_Sidewalk_Chalk_16_pack_wDZECiw7J6s,object_box,https://drive.google.com/file/d/1JpdcPQMDZRwP9Skf6SKc-7I3EijF_G_y/view?usp=drivesdk,180,,storage_box,
Crunch_Girl_Scouts_Candy_Bars_Peanut_Butter_Creme_78_oz_box,object_box,https://drive.google.com/file/d/1ZvRVtEHqlUQGNeEdQNPGmxCcFeVai1Iv/view?usp=drivesdk,187,,storage_box,
Pass_The_Popcorn_Movie_Guessing_Game,pass the popcorn,https://drive.google.com/file/d/1gD_-UTi16N5CHn05hIOv_wK0T83LvUg2/view?usp=drivesdk,611,,box,
Pinwheel_Pencil_Case,pencil case,https://drive.google.com/file/d/1f2T8Dt05AFzfRD19VNwKj4aciNY_VRVv/view?usp=drivesdk,663,,pencil_case,
Olive_Kids_Butterfly_Garden_Pencil_Case,pencil_case,https://drive.google.com/file/d/1RhpmPoMoPyrANZKkVdQKwATwkqSnEml9/view?usp=drivesdk,579,,pencil_case,
Olive_Kids_Paisley_Pencil_Case,pencil_case,https://drive.google.com/file/d/1pp3PZs796zEch0Y1vC_IsGtdQPp2bQEv/view?usp=drivesdk,588,,pencil_case,
Olive_Kids_Robots_Pencil_Case,pencil_case,https://drive.google.com/file/d/1lrt9jGsx9svVdnzT3XJ7ps1vfLjXqyWP/view?usp=drivesdk,589,,pencil_case,
Big_Dot_Aqua_Pencil_Case,pencil_pouch,https://drive.google.com/file/d/1zWhOwPixyris3np8OmUjVl3bfokZwkZK/view?usp=drivesdk,83,,pencil_case,
Big_Dot_Pink_Pencil_Case,pencil_pouch,https://drive.google.com/file/d/1V2fNcRsx1p7M4WZZAbSuETuUx1eeUdNR/view?usp=drivesdk,84,,pencil_case,
Orbit_Bubblemint_Mini_Bottle_6_ct,peppermint,https://drive.google.com/file/d/1V5w6WWzfZhjydIrdzq2BXHOgjIp9vbiZ/view?usp=drivesdk,592,,peppermint,
Pepsi_Caffeine_Free_Diet_12_CT,pepsi_can_pack,https://drive.google.com/file/d/1vVWhzNA3ugz7m-RRUMrIj1duNIbLnCLy/view?usp=drivesdk,614,,box,
Pepsi_Cola_Wild_Cherry_Diet_12_12_fl_oz_355_ml_cans_144_fl_oz_426_lt,pepsi_can_pack,https://drive.google.com/file/d/1n9HmjlYULe4-SGssu2hZJXbK5rMCCEkl/view?usp=drivesdk,616,,box,
CoQ10_wSSVoxVppVD,pill_bottle,https://drive.google.com/file/d/1YyYWYzjL3O_obyswxnFcuTvucZVt37z2/view?usp=drivesdk,141,,medicine_bottle,
Threshold_Porcelain_Pitcher_White,pitcher_base,https://drive.google.com/file/d/1oMYy3IxZs0lD6s382JsgZBWK24F6xNXE/view?usp=drivesdk,898,,pitcher_base,
Central_Garden_Flower_Pot_Goo_425,plant_container,https://drive.google.com/file/d/1SxRQuebY8KOdIMdQkqum36qq1T7ztaMM/view?usp=drivesdk,128,,plant_container,
Cole_Hardware_Deep_Bowl_Good_Earth_1075,plant_container,https://drive.google.com/file/d/1QdQwh7plG2z2fj2NeQlbnIf-4TQJ0WAV/view?usp=drivesdk,146,,plant_container,
Cole_Hardware_Electric_Pot_Assortment_55,plant_container,https://drive.google.com/file/d/1C-xT5DmIyKmwZk9xOyeur2boIhDT2Mzy/view?usp=drivesdk,152,,plant_container,
Cole_Hardware_Electric_Pot_Cabana_55,plant_container,https://drive.google.com/file/d/1AUzTZlQvAYo43zmtf9TCmttPsIAZgdBr/view?usp=drivesdk,153,,plant_container,
Cole_Hardware_Flower_Pot_1025,plant_container,https://drive.google.com/file/d/1os9z7VJfuHx2HW-fDWwodKZMNaid2Zr1/view?usp=drivesdk,154,,plant_container,
Cole_Hardware_Orchid_Pot_85,plant_container,https://drive.google.com/file/d/1v89clnzqGhvsZdA9s4bC0Nprhf8AGRHb/view?usp=drivesdk,158,,plant_container,
Ecoforms_Plant_Container_S14Turquoise,plant_container,https://drive.google.com/file/d/1uqeAWm6el_2t-pN8-G7NCpNqcp9GuCup/view?usp=drivesdk,238,,plant_container,
Ecoforms_Plant_Container_S24NATURAL,plant_container,https://drive.google.com/file/d/1CbLQvmx6LzJCc6LuNBT-GENj0KSegJWD/view?usp=drivesdk,239,,plant_container,
Ecoforms_Plant_Container_S24Turquoise,plant_container,https://drive.google.com/file/d/1fLsNVs0R35QX3gkQjTYhCOJS0HwAiuOG/view?usp=drivesdk,240,,plant_container,
Ecoforms_Plant_Pot_GP9AAvocado,plant_container,https://drive.google.com/file/d/1yD963ci7Gc2D7W1IHLuoaVbqGsoBRl3d/view?usp=drivesdk,247,,plant_container,
Ecoforms_Plant_Pot_GP9_SAND,plant_container,https://drive.google.com/file/d/1qavUf65HntU3quewn4W5HzjrTdZ3-diw/view?usp=drivesdk,248,,plant_container,
Sapota_Threshold_4_Ceramic_Round_Planter_Red,plant_container,https://drive.google.com/file/d/1k10YTzzHshkah4TSN78xdCD02b_KGkNu/view?usp=drivesdk,804,,plant_container,
Cole_Hardware_Plant_Saucer_Brown_125,plant_saucer,https://drive.google.com/file/d/1WX8GJuAlGgUgqqN-1fe-BMx4Ngz8pvt0/view?usp=drivesdk,159,,plant_saucer,
Cole_Hardware_Plant_Saucer_Glazed_9,plant_saucer,https://drive.google.com/file/d/1GXHQDspg2Wfsy2i3UUfZ5BLVIidhuYpC/view?usp=drivesdk,160,,plant_saucer,
Cole_Hardware_Saucer_Electric,plant_saucer,https://drive.google.com/file/d/1RuhNxaEVTbIYGI5UH_SQsWV7J15rNoSk/view?usp=drivesdk,161,,plant_saucer,
Cole_Hardware_Saucer_Glazed_6,plant_saucer,https://drive.google.com/file/d/1n0kjhJXhL9-9ePxki5XMVcY7EhaQ1xPp/view?usp=drivesdk,162,,plant_saucer,
Ecoforms_Plant_Plate_S11Turquoise,plant_saucer,https://drive.google.com/file/d/10kDc8-SegcmQP5NTQCOPSsJX7uOCvQdj/view?usp=drivesdk,246,,plant_saucer,
Ecoforms_Plant_Saucer_S14MOCHA,plant_saucer,https://drive.google.com/file/d/1gIIZmpWhfSCPCAGakNLCjcW4nQnIy3Ew/view?usp=drivesdk,249,,plant_saucer,
Ecoforms_Plant_Saucer_S14NATURAL,plant_saucer,https://drive.google.com/file/d/1yoBk32unMoS7PqP0cIZll2RjaGdpNlBc/view?usp=drivesdk,250,,plant_saucer,
Ecoforms_Plant_Saucer_S17MOCHA,plant_saucer,https://drive.google.com/file/d/1nKVNcIgQW0wORRwtWuqFldqBX6ggG6Lc/view?usp=drivesdk,251,,plant_saucer,
Ecoforms_Plant_Saucer_SQ1HARVEST,plant_saucer,https://drive.google.com/file/d/1IrSf4A4_64RYL0TAKfdom_wGLFxp8TEg/view?usp=drivesdk,253,,plant_saucer,
Ecoforms_Quadra_Saucer_SQ1_Avocado,plant_saucer,https://drive.google.com/file/d/1pScnYDffCH_EE7jZfFxZ1tsbXlf4_jow/view?usp=drivesdk,260,,plant_saucer,
Threshold_Bistro_Ceramic_Dinner_Plate_Ruby_Ring,plate,https://drive.google.com/file/d/19uBIXMtXDYNbWMrFpJo29g-ZzSGTnb-N/view?usp=drivesdk,893,,plate,
Threshold_Dinner_Plate_Square_Rim_White_Porcelain,plate,https://drive.google.com/file/d/1bMZ9JvU-ACR7-b872H4Nd4h1gMvtAbaA/view?usp=drivesdk,894,,plate,
TWISTED_PUZZLE,puzzle_game,https://drive.google.com/file/d/1ICiuFBid3iCnmTt2Khvp2DvwMmVumnSt/view?usp=drivesdk,869,,box,
45oz_RAMEKIN_ASST_DEEP_COLORS,ramekin,https://drive.google.com/file/d/1jTjAWq4vH__K9D-tEFD_BGVtVUr-FwdW/view?usp=drivesdk,12,,ramekin,
BIA_Porcelain_Ramekin_With_Glazed_Rim_35_45_oz_cup,ramekin,https://drive.google.com/file/d/1W--LC1vBdQPbJ1_Jew-fxyZ7mEvaMExQ/view?usp=drivesdk,69,,ramekin,
Asus_80211ac_DualBand_Gigabit_Wireless_Router_RTAC68R,router_box,https://drive.google.com/file/d/1l6PZIsvOggqg_twBJI-D_slBn1aI1SyI/view?usp=drivesdk,47,,box,
Diamond_Visions_Scissors_Red,scissors,https://drive.google.com/file/d/1PRSwnpQQeW8oPb1yTfQgSRQF-zkwMeuE/view?usp=drivesdk,209,,scissors,
Craftsman_Grip_Screwdriver_Phillips_Cushion,screwdriver,https://drive.google.com/file/d/1t8p32ax6U5CbeueEYbwJMNjFJkb9Q-by/view?usp=drivesdk,171,,screwdriver,
11pro_SL_TRX_FG,shoe,https://drive.google.com/file/d/10K6VCWve-_G-bxa59PkAEGeL6vNoU266/view?usp=drivesdk,0,,shoe,
AMBERLIGHT_UP_W,shoe,https://drive.google.com/file/d/1MQ_Nqp0iu30j0a8Si3GzEJ5lhdCmfjaA/view?usp=drivesdk,19,,shoe,
ASICS_GEL1140V_WhiteBlackSilver,shoe,https://drive.google.com/file/d/14U3uqhdQdnzpQgyaEgYNm-vA6usAhwPp/view?usp=drivesdk,20,,shoe,
ASICS_GEL1140V_WhiteRoyalSilver,shoe,https://drive.google.com/file/d/1EKnqq3S6NKyFZRqXnpCCLMHOfK9A9FIn/view?usp=drivesdk,21,,shoe,
ASICS_GELAce_Pro_Pearl_WhitePink,shoe,https://drive.google.com/file/d/1bMVDKyrJZ1Hfb4qHJRViy1zmLrn2AwT4/view?usp=drivesdk,22,,shoe,
ASICS_GELBlur33_20_GS_BlackWhiteSafety_Orange,shoe,https://drive.google.com/file/d/1ESEmGdCB9Wz21ctmN4HXuu7ROR7hjOLG/view?usp=drivesdk,23,,shoe,
ASICS_GELBlur33_20_GS_Flash_YellowHot_PunchSilver,shoe,https://drive.google.com/file/d/1aPzDJ1dbMo960vpcH-cvsRymie1Fcl_J/view?usp=drivesdk,24,,shoe,
ASICS_GELChallenger_9_Royal_BlueWhiteBlack,shoe,https://drive.google.com/file/d/1gtVaRPGzm-a86fq1C_rvgW-juXFfGzff/view?usp=drivesdk,25,,shoe,
ASICS_GELDirt_Dog_4_SunFlameBlack,shoe,https://drive.google.com/file/d/1rLrQE0fffIU2A_DRgisxRqOH5uBzfjYd/view?usp=drivesdk,26,,shoe,
ASICS_GELLinksmaster_WhiteCoffeeSand,shoe,https://drive.google.com/file/d/1Yr2MNcYZdJhbHM-dKIlHsX2bmDwQ38m-/view?usp=drivesdk,27,,shoe,
ASICS_GELLinksmaster_WhiteRasberryGunmetal,shoe,https://drive.google.com/file/d/1wNZw4PIl5ZZMidv_X82hdJNVJQYdYYsJ/view?usp=drivesdk,28,,shoe,
ASICS_GELLinksmaster_WhiteSilverCarolina_Blue,shoe,https://drive.google.com/file/d/1CwmP0oFgoTYnnTawbTN22_y47ZLMxwuw/view?usp=drivesdk,29,,shoe,
ASICS_GELResolution_5_Flash_YellowBlackSilver,shoe,https://drive.google.com/file/d/1GMWWOuCFehdN9BDqGzhmgaFjy6ybt2BA/view?usp=drivesdk,30,,shoe,
ASICS_GELTour_Lyte_WhiteOrchidSilver,shoe,https://drive.google.com/file/d/1ZmWgTOqZNwrIafwQ1os8mtgUc45sgBV-/view?usp=drivesdk,31,,shoe,
ASICS_HyperRocketgirl_SP_5_WhiteMalibu_BlueBlack,shoe,https://drive.google.com/file/d/1xLyBk4X05OplYQ8-JIzOfKCbVk1cnL1h/view?usp=drivesdk,32,,shoe,
Adrenaline_GTS_13_Color_DrkDenimWhtBachlorBttnSlvr_Size_50_yfK40TNjq0V,shoe,https://drive.google.com/file/d/1S48PdxBbDz53SZ3nSCaPxYA_P9p6Aicl/view?usp=drivesdk,34,,shoe,
Adrenaline_GTS_13_Color_WhtObsdianBlckOlmpcSlvr_Size_70,shoe,https://drive.google.com/file/d/1viwmalpQnvl5KLf_Msk9iZ-_ibeZ1CGp/view?usp=drivesdk,35,,shoe,
Azure_Snake_Tieks_Leather_Snake_Print_Ballet_Flats,shoe,https://drive.google.com/file/d/1uI0cLdXQQ1jf0rpgOl28NXwbO_i2fWFL/view?usp=drivesdk,58,,shoe,
CLIMACOOL_BOAT_BREEZE_IE6CyqSaDwN,shoe,https://drive.google.com/file/d/1wCt4bg0M7nNG8T7sYcuog7fYRxnBP3WU/view?usp=drivesdk,112,,shoe,
California_Navy_Tieks_Italian_Leather_Ballet_Flats,shoe,https://drive.google.com/file/d/1sJ_HWwl-xUGdsDI7-pHsXcdCF6cHFHdF/view?usp=drivesdk,117,,shoe,
Cascadia_8_Color_AquariusHibscsBearingSeaBlk_Size_50,shoe,https://drive.google.com/file/d/1190QAaAJEqWxUnqLGqWQ8fdgATZwrDbE/view?usp=drivesdk,127,,shoe,
Chelsea_BlkHeelPMP_DwxLtZNxLZZ,shoe,https://drive.google.com/file/d/1Ed4nkkD4FD8vNS0x1bm8FfT4cW3vidMc/view?usp=drivesdk,131,,shoe,
Chelsea_lo_fl_rdheel_zAQrnhlEfw8,shoe,https://drive.google.com/file/d/1_m809Gfx6aVd2h7jd8nvCaY5NwcMaCMO/view?usp=drivesdk,133,,shoe,
ClimaCool_Aerate_2_W_Wide,shoe,https://drive.google.com/file/d/1JNdLYAq0rNGWYiCPOX0T2X3DCn9tFbJW/view?usp=drivesdk,135,,shoe,
Colton_Wntr_Chukka_y4jO0I8JQFW,shoe,https://drive.google.com/file/d/1xLtndUx48ddD8lZZLao8bGGdCYew4wiq/view?usp=drivesdk,164,,shoe,
Copperhead_Snake_Tieks_Brown_Snake_Print_Ballet_Flats,shoe,https://drive.google.com/file/d/1DSY6LIdj5dScUNl-4prJsrKI8VOEroQD/view?usp=drivesdk,168,,shoe,
Court_Attitude,shoe,https://drive.google.com/file/d/1OY7hTJ11jR2hThp3M2f_3onU3gdkeMVj/view?usp=drivesdk,170,,shoe,
Crazy_8,shoe,https://drive.google.com/file/d/15lGHk4mWB9PRMo9Rj9zs1mzz4oCm5lao/view?usp=drivesdk,181,,shoe,
Crazy_Shadow_2,shoe,https://drive.google.com/file/d/1V7JfVKpr2aP6obdXPVm9oJGuMvLo6F1Q/view?usp=drivesdk,182,,shoe,
Crazy_Shadow_2_oW4Jd10HFFr,shoe,https://drive.google.com/file/d/1Zr4C3GBxgm4ntjUGWSHztkLNbqMG1KU1/view?usp=drivesdk,183,,shoe,
Cream_Tieks_Italian_Leather_Ballet_Flats,shoe,https://drive.google.com/file/d/17_cngQTOihh5xscUBFrsEFFKfi_neCQU/view?usp=drivesdk,184,,shoe,
D_ROSE_45,shoe,https://drive.google.com/file/d/1WUhd0AoKicm7ucInqezIq_j8vcU2KZzh/view?usp=drivesdk,200,,shoe,
D_ROSE_773_II_Kqclsph05pE,shoe,https://drive.google.com/file/d/1uh7clp4hlgjBNmVIHVbUeLhm2qhe5xb4/view?usp=drivesdk,201,,shoe,
D_ROSE_773_II_hvInJwJ5HUD,shoe,https://drive.google.com/file/d/1ucDg8iVZdVPr76NXVTnMMg8h2HSeJU0Y/view?usp=drivesdk,202,,shoe,
D_ROSE_ENGLEWOOD_II,shoe,https://drive.google.com/file/d/1NmpolLxi33dNwOrSTS25fIjC1fZY0X4K/view?usp=drivesdk,203,,shoe,
ENFR_MID_ENFORCER,shoe,https://drive.google.com/file/d/1jxXLOi5ynUrNwAKOi_ZrFcInQViEg1IU/view?usp=drivesdk,221,,shoe,
F10_TRX_FG_ssscuo9tGxb,shoe,https://drive.google.com/file/d/1E8yFZnmzAz7cxv9_6UmkjGSWvikMIx10/view?usp=drivesdk,274,,shoe,
F10_TRX_TF_rH7tmKCdUJq,shoe,https://drive.google.com/file/d/1O0zS9XdK0IdUAVl8d41RwYntUD4HBolE/view?usp=drivesdk,275,,shoe,
F5_TRX_FG,shoe,https://drive.google.com/file/d/1Qa3CDHnMy8umc3SRA4CzYMNRquB2j47X/view?usp=drivesdk,276,,shoe,
FYW_ALTERNATION,shoe,https://drive.google.com/file/d/1f_TObS4b05DDqejx5D-VkekAAOml_3TQ/view?usp=drivesdk,287,,shoe,
FYW_DIVISION,shoe,https://drive.google.com/file/d/1eEJCCctPWbL3WqlrG6wPqcUT-ciWpKxJ/view?usp=drivesdk,288,,shoe,
PHEEHAN_RUN,shoe,https://drive.google.com/file/d/1grRw-yMWAD6ME8lCmBL_9Yl9LRH2bMqy/view?usp=drivesdk,604,,shoe,
Predator_LZ_TRX_FG,shoe,https://drive.google.com/file/d/1htqpZdtUh2oy8hEPmcBG3rQmKir6bS2I/view?usp=drivesdk,677,,shoe,
PureCadence_2_Color_HiRskRedNghtlfeSlvrBlckWht_Size_70,shoe,https://drive.google.com/file/d/13LUTMt9VQrvXRCPr99KiXf9QkKZ3x55R/view?usp=drivesdk,682,,shoe,
PureCadence_2_Color_TleBluLmePnchSlvMoodIndgWh_Size_50_EEzAfcBfHHO,shoe,https://drive.google.com/file/d/1OpblGbOPa2toLs1XU7t7Ua2KyF9CdjZo/view?usp=drivesdk,683,,shoe,
PureConnect_2_Color_AnthrcteKnckoutPnkGrnGecko_Size_50,shoe,https://drive.google.com/file/d/1CtlqGuq5sEC6ByjbNoljeQXCsa3PoYCV/view?usp=drivesdk,684,,shoe,
PureConnect_2_Color_BlckBrllntBluNghtlfeAnthrct_Size_70,shoe,https://drive.google.com/file/d/1Ddcrz7QpHkB7UXG0gj-WSetJzmUN8b5E/view?usp=drivesdk,685,,shoe,
PureConnect_2_Color_FernNightlifeSilverBlack_Size_70_5w0BYsiogeV,shoe,https://drive.google.com/file/d/1kEaOh73lho-jxeJNjxCJ93_Axcdz8mO6/view?usp=drivesdk,686,,shoe,
PureFlow_2_Color_RylPurHibiscusBlkSlvrWht_Size_50,shoe,https://drive.google.com/file/d/11nsaxdqqMuJ_7gAx4IDGxw5aoNjd1mW-/view?usp=drivesdk,687,,shoe,
REEF_BANTU,shoe,https://drive.google.com/file/d/1UJ8-hR4_egYzZkB4Kt8xkmQ6v6ygB7Ge/view?usp=drivesdk,692,,shoe,
REEF_BRAIDED_CUSHION,shoe,https://drive.google.com/file/d/1XPrW_a0ZVmoLVdkixaHOca6sfRbhMCr1/view?usp=drivesdk,693,,shoe,
REEF_ZENFUN,shoe,https://drive.google.com/file/d/1fbpJw_mNr3Uaby_uoLEuqlz7A5wFqKhv/view?usp=drivesdk,694,,shoe,
Ravenna_4_Color_WhtOlyBluBlkShkOrngSlvRdO_Size_70,shoe,https://drive.google.com/file/d/1a2BmZizsVCqcJIhh8H_eyBtiEYF21hD-/view?usp=drivesdk,699,,shoe,
Santa_Cruz_Mens_G7kQXK7cIky,shoe,https://drive.google.com/file/d/1A1hOAiJntE1hvGvVgaK2dXHtWgo5gNkV/view?usp=drivesdk,800,,shoe,
Santa_Cruz_Mens_YmsMDkFf11Z,shoe,https://drive.google.com/file/d/1lCfO6jRNrRChX8uZIpu1UE3gL5kgqqgn/view?usp=drivesdk,801,,shoe,
Santa_Cruz_Mens_umxTczr1Ygg,shoe,https://drive.google.com/file/d/10ASnJFJr9uVBeSoS-Nml9l6KTCNRiDif/view?usp=drivesdk,802,,shoe,
Santa_Cruz_Mens_vnbiTDDt5xH,shoe,https://drive.google.com/file/d/1npSim6WDdiYhn6052bGqPXP4qpz7Gol2/view?usp=drivesdk,803,,shoe,
Sienna_Brown_Croc_Tieks_Patent_Leather_Crocodile_Print_Ballet_Flats,shoe,https://drive.google.com/file/d/1ve4pJFWRquE_y7nzplfeEvRAFzTvyYul/view?usp=drivesdk,825,,shoe,
Sperry_TopSider_pSUFPWQXPp3,shoe,https://drive.google.com/file/d/1bkrEBE7N9-_VLN4D7pshyVd0q4vUtp6O/view?usp=drivesdk,838,,shoe,
Sperry_TopSider_tNB9t6YBUf3,shoe,https://drive.google.com/file/d/1N_8z8d7FtIXqfdquT9DnT2ANQsZnihC3/view?usp=drivesdk,839,,shoe,
Starstruck_Tieks_Glittery_Gold_Italian_Leather_Ballet_Flats,shoe,https://drive.google.com/file/d/1l-PZ8vYTBvGU21jcQvWdugNEsD3PqTB2/view?usp=drivesdk,847,,shoe,
TERREX_FAST_R,shoe,https://drive.google.com/file/d/1SjW08B1gUP-pMfHwh38q30A623woDyqN/view?usp=drivesdk,861,,shoe,
TERREX_FAST_X_GTX,shoe,https://drive.google.com/file/d/1uVcjvni5S-a1mYz4XtDsKf7Djrh0WnKK/view?usp=drivesdk,862,,shoe,
TOP_TEN_HI,shoe,https://drive.google.com/file/d/1_nXF3azJG5t-PCyd0EcDs31XjnHQp-IA/view?usp=drivesdk,864,,shoe,
TOP_TEN_HI_60KlbRbdoJA,shoe,https://drive.google.com/file/d/1opaq7rJgnBeqUKkemveskn3olnPia0Ql/view?usp=drivesdk,865,,shoe,
TROCHILUS_BOOST,shoe,https://drive.google.com/file/d/1qo7xVP4LyAkL2Hjqs0-r1B4Zn6XUPeUt/view?usp=drivesdk,867,,shoe,
TZX_Runner,shoe,https://drive.google.com/file/d/1EzjJhkTyQxYG1doo1yGRW3vdUAz-yw-I/view?usp=drivesdk,872,,shoe,
Chefmate_8_Frypan,skillet,https://drive.google.com/file/d/1w7bDUrW_9lo3ossJP3LcvgLmbQu0noaq/view?usp=drivesdk,130,,pan,
Threshold_Bamboo_Ceramic_Soap_Dish,soap_dish,https://drive.google.com/file/d/1_dNXk-lae2NNETjwuRDRGcl-m5M0nRTE/view?usp=drivesdk,890,,soap_dish,
OXO_Cookie_Spatula,spatula,https://drive.google.com/file/d/1LVzmdPS66a7m5JGEw4J67qveePHxC_ys/view?usp=drivesdk,539,,spatula,
Big_O_Sponges_Assorted_Cellulose_12_pack,sponge,https://drive.google.com/file/d/15AxlJ_hik2NCrv9gwB9efkPS1CX4ABTs/view?usp=drivesdk,85,,sponge,
Elephant,stuffed_toy,https://drive.google.com/file/d/136QERw3gyDZr4I_U0oVTQvTefrVlF5zf/view?usp=drivesdk,262,,stuffed_toy,
Ortho_Forward_Facing,stuffed_toy,https://drive.google.com/file/d/1yzuNQaBGkC0EFbBheMxDrLf4gfWeaMnd/view?usp=drivesdk,595,,stuffed_toy,
Ortho_Forward_Facing_3Q6J2oKJD92,stuffed_toy,https://drive.google.com/file/d/1MxBHfnopSv7gqabT-THDI6TR8vaH_S9Y/view?usp=drivesdk,596,,stuffed_toy,
Ortho_Forward_Facing_QCaor9ImJ2G,stuffed_toy,https://drive.google.com/file/d/1y0yBDYA1q7QBXClySfUUp7VzbppWTv6e/view?usp=drivesdk,598,,stuffed_toy,
Racoon,stuffed_toy,https://drive.google.com/file/d/1uGDNdSbkZHlb9ZTj0-49VaxxgsewIV-0/view?usp=drivesdk,698,,stuffed_toy,
Shark,stuffed_toy,https://drive.google.com/file/d/1Yi6pSS7_HXufwS0ga9GmbhrKgn-tA4X4/view?usp=drivesdk,820,,stuffed_toy,
Sootheze_Cold_Therapy_Elephant,stuffed_toy,https://drive.google.com/file/d/1-NyAXIOZ8xzYDfG5qPhaD8LlW3pfuLpM/view?usp=drivesdk,834,,stuffed_toy,
Sootheze_Toasty_Orca,stuffed_toy,https://drive.google.com/file/d/1vzu2mVixeNpC5S3tZU7tH6L15dONd020/view?usp=drivesdk,835,,stuffed_toy,
Squirrel,stuffed_toy,https://drive.google.com/file/d/1s4Kwd3GnD_syUghCvba0vrs22ZM55X_r/view?usp=drivesdk,843,,stuffed_toy,
Animal_Planet_Foam_2Headed_Dragon,stuffed_toy_dragon,https://drive.google.com/file/d/1LHdinDRfsinCqRr8gV41mhpSIUVgSOX7/view?usp=drivesdk,43,,stuffed_toy,
Sushi_Mat,sushi_mat,https://drive.google.com/file/d/1LCp9Eqnp5D9y8XMGdBPUk35iLG8ybWHA/view?usp=drivesdk,855,,sushi_mat,
Cole_Hardware_Antislip_Surfacing_Material_White,tape,https://drive.google.com/file/d/1SR06FcvCQZuMdSQ1va6j9PZ15NMA9jBd/view?usp=drivesdk,142,,tape,
Cole_Hardware_Antislip_Surfacing_White_2_x_60,tape,https://drive.google.com/file/d/1bSwuVp3LluU9NozcKY5WhsAxHXo6nk15/view?usp=drivesdk,143,,tape,
Circo_Fish_Toothbrush_Holder_14995988,toothbrush_holder,https://drive.google.com/file/d/1UbGw8D7L4AWOT6zlzV8exGCrk0R9xgiT/view?usp=drivesdk,134,,toothbrush_holder,
Provence_Bath_Towel_Royal_Blue,towel,https://drive.google.com/file/d/1nG3jT386Yf8QrAS0xX782LNn-shWqfsa/view?usp=drivesdk,681,,towel,
Threshold_Hand_Towel_Blue_Medallion_16_x_27,towel,https://drive.google.com/file/d/16KG3PJU1oiZnWZlAdmH1pcTmRjaseznb/view?usp=drivesdk,895,,towel,
FIRE_ENGINE,toy,https://drive.google.com/file/d/1xvZ6qHOAknq5JUSpBp6bSrGL4E4jKEom/view?usp=drivesdk,280,,toy,
FIRE_TRUCK,toy,https://drive.google.com/file/d/1U9E0gBMRBCXHB52BLgbiHtXdLAAvRSdr/view?usp=drivesdk,281,,toy,
Fisher_price_Classic_Toys_Buzzy_Bee,toy,https://drive.google.com/file/d/1g_7pmlRi2tyjNAXejRdg6N-7s60vu7fN/view?usp=drivesdk,293,,toy,
Fruity_Friends,toy,https://drive.google.com/file/d/18OxZRad_Xpm_-ytiGUqUBO1CZkv7XHlZ/view?usp=drivesdk,301,,toy,
PINEAPPLE_MARACA_6_PCSSET,toy pineapple,https://drive.google.com/file/d/1J_9fX0mRki6G7PAka4OAtl_gsJjfYbus/view?usp=drivesdk,605,,toy_pineapple,
Air_Hogs_Wind_Flyers_Set_Airplane_Red,toy_airplane,https://drive.google.com/file/d/1iNcu4WCAvnt0GEpqgD15NDrcG1vPa4yu/view?usp=drivesdk,36,,toy_airplane,
TURBOPROP_AIRPLANE_WITH_PILOT,toy_airplane,https://drive.google.com/file/d/1dP0bC4G3uvUe7gMKQD4Ek8texS4f0a3_/view?usp=drivesdk,868,,toy_airplane,
BUNNY_RACER,toy_animal,https://drive.google.com/file/d/12aSMNhDeQ89YW3CIrUFDrkoWYmzMzkHg/view?usp=drivesdk,75,,toy_animal,
Breyer_Horse_Of_The_Year_2015,toy_animal,https://drive.google.com/file/d/1B0hxXY09FGTDyLNSxhpQ5vqwTX9L77C1/view?usp=drivesdk,99,,toy_animal,
CHICKEN_RACER,toy_animal,https://drive.google.com/file/d/1CRqrfKPRQ5AgyMoRcqfzWzJi_o5EJeBt/view?usp=drivesdk,108,,toy_animal,
DANCING_ALLIGATOR,toy_animal,https://drive.google.com/file/d/1eWNnwyjgBEyLwE-lYhUM0M5bXDYxJjEG/view?usp=drivesdk,189,,toy_animal,
DANCING_ALLIGATOR_zoWBjc0jbTs,toy_animal,https://drive.google.com/file/d/1aNpIqMtw5bVslVjUgbmwkIZNWd75Pdqf/view?usp=drivesdk,190,,toy_animal,
Schleich_African_Black_Rhino,toy_animal,https://drive.google.com/file/d/1d0Z8AYa45rb933D9VE-ZUMFmZyStH9GU/view?usp=drivesdk,805,,toy_animal,
Schleich_Allosaurus,toy_animal,https://drive.google.com/file/d/1xxLqI45Oofl7OAfR4nX1eWIco9DazlZg/view?usp=drivesdk,806,,toy_animal,
Schleich_Bald_Eagle,toy_animal,https://drive.google.com/file/d/1RHA7Q1zL8KS0nnh0ROCOwTU6iY4iKOhX/view?usp=drivesdk,807,,toy_animal,
Schleich_Hereford_Bull,toy_animal,https://drive.google.com/file/d/1HUKntw2x5uyfYuth_kJQpKaDNyJJ6CQK/view?usp=drivesdk,808,,toy_animal,
Schleich_Lion_Action_Figure,toy_animal,https://drive.google.com/file/d/1mXyadCwZ0lANVDSAppF5MBUyjPvVi-8o/view?usp=drivesdk,809,,toy_animal,
Schleich_S_Bayala_Unicorn_70432,toy_animal,https://drive.google.com/file/d/1GVhxaNwidLAL_bOvI010d3xtHbCXV4CL/view?usp=drivesdk,810,,toy_animal,
Schleich_Spinosaurus_Action_Figure,toy_animal,https://drive.google.com/file/d/1R2zZj50brBNjXvDTsGeyjG3zIxkivFLA/view?usp=drivesdk,811,,toy_animal,
Schleich_Therizinosaurus_ln9cruulPqc,toy_animal,https://drive.google.com/file/d/1QpCWmwejUusP1V1KRI_UFKVl9QkbBBlp/view?usp=drivesdk,812,,toy_animal,
BALANCING_CACTUS,toy_cactus,https://drive.google.com/file/d/1w009BNOxE701c0kI0MxNam1Q4u6CRFQb/view?usp=drivesdk,62,,toy_cactus,
CREATIVE_BLOCKS_35_MM,toy_construction_set,https://drive.google.com/file/d/1Gc0XQ5KXVp1NMMB_wy04wXHs_w4Gnzwt/view?usp=drivesdk,116,,toy_construction_set,
Squirt_Strain_Fruit_Basket,toy_food,https://drive.google.com/file/d/1M5zGB2tJ_jV-vAoSljLl3wKNTlQdZK8u/view?usp=drivesdk,844,,toy_food,
3D_Dollhouse_Lamp,toy_lamp,https://drive.google.com/file/d/1g_ksN0qyvGn-G_BHjUlHSNPJlrdn6B9f/view?usp=drivesdk,4,,toy_lamp,
BIRD_RATTLE,toy_rattle,https://drive.google.com/file/d/1o9k7Rnz7l8eysihk5DD9ck-vprY6s8Fb/view?usp=drivesdk,70,,toy_rattle,
BUNNY_RATTLE,toy_rattle,https://drive.google.com/file/d/1xwzmL8DosdiZVrNuebfRg46YUcWBWO8N/view?usp=drivesdk,76,,toy_rattle,
3D_Dollhouse_Refrigerator,toy_refrigerator,https://drive.google.com/file/d/1Wn5fpe9J1Nq5nrMONcsRb-TRz6pKgvJm/view?usp=drivesdk,5,,toy_refrigerator,
3D_Dollhouse_Sink,toy_sink,https://drive.google.com/file/d/19LgjruBdnq1FvpzztxeW17YpHPzuBClz/view?usp=drivesdk,6,,toy_sink,
3D_Dollhouse_Sofa,toy_sofa,https://drive.google.com/file/d/1fWyUN1NDxS9u6c5rXb7A6mmKL0WlGQa0/view?usp=drivesdk,7,,toy_sofa,
3D_Dollhouse_Swing,toy_swing,https://drive.google.com/file/d/1ZoGNaDS_6NY_jnV7DOxyDojDYX3cvKJt/view?usp=drivesdk,8,,toy_swing,
3D_Dollhouse_TablePurple,toy_table,https://drive.google.com/file/d/1R-bCh-MQS2p3rpxH0erYCdMclFaVRum_/view?usp=drivesdk,9,,toy_table,
BABY_CAR,toy_vehicle,https://drive.google.com/file/d/1s7LR5srmuxIW1YEEt_ynnkhImANxetLu/view?usp=drivesdk,59,,toy_vehicle,
CAR_CARRIER_TRAIN,toy_vehicle,https://drive.google.com/file/d/1d5r1f7BD2AU1QKKptEnCZuoJeo2Rd0ce/view?usp=drivesdk,105,,toy_vehicle,
COAST_GUARD_BOAT,toy_vehicle,https://drive.google.com/file/d/1pUn_uNvWTt3d6wFkj5HRIBPDw_WSoKPu/view?usp=drivesdk,113,,toy_vehicle,
Sonny_School_Bus,toy_vehicle,https://drive.google.com/file/d/1NRWRrXa8WFHETvhTlFmssTwt2sFjrzt7/view?usp=drivesdk,831,,toy_vehicle,
Thomas_Friends_Woodan_Railway_Henry,toy_vehicle,https://drive.google.com/file/d/1qEqZnZ46VzajXoTz7icLw8OzbFZEneQZ/view?usp=drivesdk,885,,toy_vehicle,
Thomas_Friends_Wooden_Railway_Deluxe_Track_Accessory_Pack,toy_vehicle,https://drive.google.com/file/d/1IYjlZZy1ZD5wQ3bikuhlZSO8d2CGNLp6/view?usp=drivesdk,887,,toy_vehicle,
Thomas_Friends_Wooden_Railway_Porter_5JzRhMm3a9o,toy_vehicle,https://drive.google.com/file/d/1h7P8gRh1EbX-ghAWODl7nssaqHj8miN0/view?usp=drivesdk,888,,toy_vehicle,
Thomas_Friends_Wooden_Railway_Talking_Thomas_z7yi7UFHJRj,toy_vehicle,https://drive.google.com/file/d/1hdkk-FBzMYXywY9a4iO9kNrz4h6u0KA2/view?usp=drivesdk,889,,toy_vehicle,
BIA_Cordon_Bleu_White_Porcelain_Utensil_Holder_900028,utensil_holder_cup,https://drive.google.com/file/d/1EdbR3C8P7vZJiEXjEIGhOv6vNZG_oibY/view?usp=drivesdk,68,,utensil_holder_cup,
Persona_Q_Shadow_of_the_Labyrinth_Nintendo_3DS,video game,https://drive.google.com/file/d/1v_H7_G8B68kya58lnsajpGEZo06OBPwf/view?usp=drivesdk,653,,video_game,
Final_Fantasy_XIV_A_Realm_Reborn_60Day_Subscription,video_game,https://drive.google.com/file/d/1VMQV6hbLc1b7WRC9mTSrPwPohY4_BcWc/view?usp=drivesdk,290,,video_game,
New_Super_Mario_BrosWii_Wii_Game,video_game,https://drive.google.com/file/d/1K6W7hPxMdt2iqHpgA2_7iv-QiN71VI30/view?usp=drivesdk,521,,video_game,
Paper_Mario_Sticker_Star_Nintendo_3DS_Game,video_game,https://drive.google.com/file/d/18OG9lEErCwXuDntKIL4s8ayawzai0pqL/view?usp=drivesdk,610,,video_game,
Pokmon_Conquest_Nintendo_DS_Game,video_game,https://drive.google.com/file/d/1HVGjcxu_INZANMx9t-1w7THic7LeeIJU/view?usp=drivesdk,667,,video_game,
Pokmon_X_Nintendo_3DS_Game,video_game,https://drive.google.com/file/d/16uSZIonr79u1CSKcds4or-4iRbWvUFyi/view?usp=drivesdk,668,,video_game,
Pok√©mon_Yellow_Special_Pikachu_Edition_Nintendo_Game_Boy_Color,video_game,#N/A,671,,video_game,
Simon_Swipe_Game,video_game,https://drive.google.com/file/d/1cw5QA0cwcNavAjugKAWkzxNDc2f0VZln/view?usp=drivesdk,826,,video_game,
Super_Mario_3D_World_Deluxe_Set,video_game,https://drive.google.com/file/d/159NC4W5RHn-ZrSz40yLlu1QWgB8fy1EK/view?usp=drivesdk,849,,video_game,
Animal_Crossing_New_Leaf_Nintendo_3DS_Game,video_game_box,https://drive.google.com/file/d/1XZi0zYqW2Tm4hBPutJspZN478DmwjkQo/view?usp=drivesdk,42,,box,
Super_Mario_3D_World_Wii_U_Game,video_game_box,https://drive.google.com/file/d/15NUo5z3Y2vwIiIyngY5LWTZ4EESu27s_/view?usp=drivesdk,851,,box,
Beetle_Adventure_Racing_Nintendo_64,video_game_cartridge,https://drive.google.com/file/d/1XcHr_xk__e88zBTi0flA-VBPdJOZjddP/view?usp=drivesdk,79,,video_game_cartridge,
3M_Vinyl_Tape_Green_1_x_36_yd,vinyl_tape,https://drive.google.com/file/d/1Mk5cky5Q4Y4Rn3R9g9kZf0mPNcCXiK6Y/view?usp=drivesdk,11,,tape,
Seagate_3TB_Central_shared_storage,wireless_accessory,https://drive.google.com/file/d/1c3A5OliukX9RZe5IS4vbAkUz_AJU1vCM/view?usp=drivesdk,818,,wireless_accessory,